م,المحافظة,المرحلة,المديرية,اسم المشروع,متوسط العرض المنفذ,الطول المنجز,الشق, التوسعة,المسح والتسوية ,حفر انشائي م3,جدران كتلية ,مباني حجر ,رصف حجري,رصف خرساني,,,,,,,,,,,,,,
1,إب, ,  ,مسح وتوسعة ورصف طريق كولة باحاج, , , , , , , , , , ,,,,,,,,,,,,,,
2,إب, ,  ,مسح وتوسعة ورصف طريق قرية همدان, , , , , , , , , , ,,,,,,,,,,,,,,
3,إب, ,  ,مسح وتوسعة ورصف طريق عقبة بيت العشاوي, , , , , , , , , , ,,,,,,,,,,,,,,
4,إب,الربع الاول من العام 1446هـ,  ,مسح وتوسعة ورصف طريق تمار, , , , , , , , , , ,,,,,,,,,,,,,,
5,إب, ,  ,مسح وتوسعة ورصف طريق بيت حميد - زبيد الحديدة, , , , , , , , , , ,,,,,,,,,,,,,,
6,إب,الربع الاول من العام 1446هـ,  ,مسح وتوسعة ورصف طريق بيت الورد, , , , , , , , , , ,,,,,,,,,,,,,,
7,إب,الربع الاول من العام 1446هـ,  ,مسح وتوسعة ورصف طريق المعاين, , , , , , , , , , ,,,,,,,,,,,,,,
8,إب, ,  ,مسح وتوسعة ورصف طريق الخرابة التربة, , , , , , , , , , ,,,,,,,,,,,,,,
9,إب, ,  ,مسح وتوسعة ورصف طريق الخبانية ونقيل عنبر, , , , , , , , , , ,,,,,,,,,,,,,,
10,إب, ,  ,مسح وتوسعة ورصف طريق (بيت السباعي-شمظة-بيت الاقرع) , , , , , , , , , , ,,,,,,,,,,,,,,
11,إب, ,  ,مسح وتسوية ورصف طريق هجاره, , , , , , , , , , ,,,,,,,,,,,,,,
12,إب,الربع الاول من العام 1446هـ,  ,مسح  ورصف طريق السرفي - المدارة - الرباط, , , , , , , , , , ,,,,,,,,,,,,,,
13,إب, ,  ,رصف طريق هبر, , , , , , , , , , ,,,,,,,,,,,,,,
14,إب, ,  ,رصف طريق نقيل فوق الغيلي - حجل, , , , , , , , , , ,,,,,,,,,,,,,,
15,إب, ,  ,رصف طريق نقيل الحرة بيت المحيا المعاين, , , , , , , , , , ,,,,,,,,,,,,,,
16,إب, ,  ,رصف طريق كولة باحاج, , , , , , , , , , ,,,,,,,,,,,,,,P
17,إب,الربع الثاني من العام 1446هـ,  ,رصف طريق قرية ذي يعلل, , , , , , , , , , ,,,,,,,,,,,,,,
18,إب,الربع الثاني من العام 1446هـ,  ,رصف طريق قرية ذي لحية, , , , , , , , , , ,,,,,,,,,,,,,,
19,إب,الربع الثاني من العام 1446هـ,  ,رصف طريق قرية ذي عباده ذي سنبه, , , , , , , , , , ,,,,,,,,,,,,,,
20,إب, ,  ,رصف طريق قرية المصنعة, , , , , , , , , , ,,,#REF!,,,,,,,,,,,
21,إب,الربع الثاني من العام 1446هـ,  ,رصف طريق قرية المشرف, , , , , , , , , , ,,,,,,,,,,,,,,
22,إب, ,  ,رصف طريق قرية الخرابة, , , , , , , , , , ,,,#REF!,,,,,,,,,,,
23,إب,الربع الثاني من العام 1446هـ,  ,رصف طريق قرية الجرف, , , , , , , , , , ,,,,,,,,,,,,,,
24,إب, ,  ,رصف طريق قرعد, , , , , , , , , , ,,,#REF!,,,,,,,,,,,
25,إب, ,  ,رصف طريق قبلي - الوادي, , , , , , , , , , ,,,,,,,,,,,,,,
26,إب, ,  ,رصف طريق عقيب بيت الحيدري, , , , , , , , , , ,,,,,,,,,,,,,,
27,إب, ,  ,رصف طريق شعب السنف, , , , , , , , , , ,,,,,,,,,,,,,,
28,إب,الربع الثاني من العام 1446هـ,  ,رصف طريق ذي أشرع -سودان, , , , , , , , , , ,,,,,,,,,,,,,,
29,إب, ,  ,رصف طريق بيت مغنيز , , , , , , , , , , ,,,,,,,,,,,,,,
30,إب, ,  ,رصف طريق بيت بدر والنجد, , , , , , , , , , ,,,,,,,,,,,,,,
31,إب, ,  ,رصف طريق النقوب بيت المقبلي , , , , , , , , , , ,,,,,,,,,,,,,,
32,إب,الربع الثاني من العام 1446هـ,  ,رصف طريق الجبوب الغيلي - مرحلة ثانية , , , , , , , , , , ,,,,,,,,,,,,,,
33,إب, ,  ,رصف طريق اضمده, , , , , , , , , , ,,,#REF!,,,,,,,,,,,
34,إب,الربع الاول من العام 1446هـ,  ,رصف طريق  بيت القفاز, , , , , , , , , , ,,,,,,,,,,,,,,
35,إب, ,  ,تاهيل طريق الجبوب الغيلي, , , , , , , , , , ,,,,,,,,,,,,,,
36,إب,الربع الثاني من العام 1446هـ,  ,إستكمال رصف طريق الخربة - التربة , , , , , , , , , , ,,,,,,,,,,,,,,
37,إب,الربع الاول من العام 1446هـ,  , مسح وتسوية طريق السرفي - المنزل - مدكم, , , , , , , , , , ,,,,,,,,,,,,,,
38,إب,الربع الاول من العام 1446هـ,  ,رصف طريق قرية المنزل مدكم, , , , , , , , , , ,,,,,,,,,,,,,,
39,إب, ,  , رصف طريق قرية الذرو , , , , , , , , , , ,,,,,,,,,,,,,,
40,إب, ,  , رصف طريق الصلفاح - بيت الذيباني, , , , , , , , , , ,,,,,,,,,,,,,,
41,إب, ,  , رصف طريق التويرة, , , , , , , , , , ,,,,,,,,,,,,,,
42,إب, ,  , رصف طريق الاجلب, , , , , , , , , , ,,,,,,,,,,,,,,
43,إب, ,  ,مسح ورصف طريق اللحج (مرحلة اولى), , , , , , , , , , ,,,,,,,,,,,,,,
44,إب, ,  ,مسح ورصف طريق الجرفة التربة الى سوق الاحد, , , , , , , , , , ,,,,,,,,,,,,,,
45,إب, ,  ,مسح وتوسعة ورصف نقيل ابو زيد, , , , , , , , , , ,,,,,,,,,,,,,,
46,إب, ,  ,مسح وتوسعة ورصف طريق لمس (مرحلة اولى), , , , , , , , , , ,,,,,,,,,,,,,,
47,إب, ,  ,مسح وتوسعة ورصف طريق حبيل السوق (المرحلة الاولى), , , , , , , , , , ,,,,,,,,,,,,,,
48,إب, ,  ,مسح وتوسعة طريق وادي الشرف اللغان العذمقي, , , , , , , , , , ,,,,,,,,,,,,,,
49,إب, ,  ,مسح وتوسعة طريق ذي القرض ذي البليس, , , , , , , , , , ,,,,,,,,,,,,,,
50,إب, ,  ,مسح وتوسعة طريق المجير مركز المديرية الى قرية الميادين, , , , , , , , , , ,,,,,,,,,,,,,,
51,إب, ,  ,مسح وتوسعة طريق السلقع, , , , , , , , , , ,,,,,,,,,,,,,,
52,إب, ,  ,مسح رصف طريق قرية اييب العليا, , , , , , , , , , ,,,,,,,,,,,,,,
53,إب, ,  ,شق وتوسعة ورصف طريق ذي عسل ذي عينان سالفون (مرحلة اولى), , , , , , , , , , ,,,,,,,,,,,,,,
54,إب, ,  ,رصف قرية رباط الحجري, , , , , , , , , , ,,,,,,,,,,,,,,
55,إب, ,  ,رصف طريق نقيل حبيل السوق التربة(المرحلة الاولى), , , , , , , , , , ,,,,,,,,,,,,,,
56,إب, ,  ,رصف طريق نقيل الصيحار, , , , , , , , , , ,,,,,,,,,,,,,,
57,إب, ,  ,رصف طريق نقيل الخضراء (مرحلة اولى), , , , , , , , , , ,,,,,,,,,,,,,,
58,إب, ,  ,رصف طريق قرية قصال (مرحلة اولى), , , , , , , , , , ,,,,,,,,,,,,,,
59,إب, ,  ,رصف طريق قرية ذي شذار, , , , , , , , , , ,,,,,,,,,,,,,,
60,إب, ,  ,رصف طريق قرية اييب السفلى, , , , , , , , , , ,,,,,,,,,,,,,,
61,إب, ,  ,رصف طريق عقاب جري, , , , , , , , , , ,,,,,,,,,,,,,,
62,إب, ,  ,رصف طريق عقاب الصباري, , , , , , , , , , ,,,,,,,,,,,,,,
63,إب, ,  ,رصف طريق طلعة قرية الاصمين, , , , , , , , , , ,,,,,,,,,,,,,,
64,إب, ,  ,رصف طريق زبيد خيران, , , , , , , , , , ,,,,,,,,,,,,,,
65,إب, ,  ,رصف طريق حارة المدورة, , , , , , , , , , ,,,,,,,,,,,,,,
66,إب, ,  ,رصف طريق الصيحار السياغ (مرحلة اولى), , , , , , , , , , ,,,,,,,,,,,,,,
67,إب, ,  ,رصف طريق السواده نجد الجماعي, , , , , , , , , , ,,,,,,,,,,,,,,
68,إب,الربع الثاني من العام 1446هـ,  ,رصف طريق الدجادج, , , , , , , , , , ,,,,,,,,,,,,,,
69,إب, ,  ,رصف طريق الخرابة حجر, , , , , , , , , , ,,,,,,,,,,,,,,
70,إب, ,  ,رصف طريق الحمرة (مرحلة اولى), , , , , , , , , , ,,,,,,,,,,,,,,
71,إب, ,  ,رصف طريق الحجوف, , , , , , , , , , ,,,,,,,,,,,,,,
72,إب, ,  ,رصف خرساني طريق قرية منعم (مرحلة اولى), , , , , , , , , , ,,,,,,,,,,,,,,
73,إب, ,  ,رصف بعض المقاطع سوق عينان المواسع الخربة, , , , , , , , , , ,,,,,,,,,,,,,,
74,إب,الربع الثاني من العام 1446هـ,  ,رصف  طريق ذي عليه - الفقيه ناجي - دار همدان -حسل - حلاكه - المحاط, , , , , , , , , , ,,,,,,,,,,,,,,
75,إب, ,  ,جسر غيل المهلات ورصف خرساني قبل وبعد الجسر (مرحلة اولى), , , , , , , , , , ,,,,,,,,,,,,,,
76,إب, ,  ,توسعة ورصف طريق قرية جماعر الابروة, , , , , , , , , , ,,,,,,,,,,,,,,
77,إب, ,  ,توسعة رصف طريق نقيل الكلبة, , , , , , , , , , ,,,,,,,,,,,,,,
78,إب, ,  ,تسوية ورصف طريق قرية الاكيمة (المرحلة الاولى), , , , , , , , , , ,,,,,,,,,,,,,,
79,إب, ,  ,استكمال رصف طريق قرية منزل الطاحون (مرحلة اولى), , , , , , , , , , ,,,,,,,,,,,,,,
80,إب, ,  ,استكمال رصف طريق قرية سبرة, , , , , , , , , , ,,,,,,,,,,,,,,
81,إب, ,  ,استكمال رصف طريق عشب, , , , , , , , , , ,,,,,,,,,,,,,,
82,إب, ,  ,استكمال رصف طريق حبيل مخلا, , , , , , , , , , ,,,,,,,,,,,,,,
83,إب, ,  ,استكمال رصف طريق الكرب مطاية (مرحلة اولى), , , , , , , , , , ,,,,,,,,,,,,,,
84,إب, ,  ,استكمال رصف طريق القرضي, , , , , , , , , , ,,,,,,,,,,,,,,
85,إب, ,  ,استكمال رصف طريق الاصمين بلاد الشعيبي العليا, , , , , , , , , , ,,,,,,,,,,,,,,
86,إب, ,  ,استكمال رصف خرساني طريق مطاية, , , , , , , , , , ,,,,,,,,,,,,,,
87,إب,الربع الثاني من العام 1446هـ,  ,رصف الطريق الرابط بين جدابة وسالفون والشراحي, , , , , , , , , , ,,,,,,,,,,,,,,
88,إب,الربع الثاني من العام 1446هـ,  ,رصف طريق الحبيل - نجد الجماعي, , , , , , , , , , ,,,,,,,,,,,,,,
89,إب,الربع الثاني من العام 1446هـ,  ,رصف خرساني طريق قرية منعم (مرحلة ثانية), , , , , , , , , , ,,,,,,,,,,,,,,
90,إب,الربع الاول من العام 1446هـ,  ,إعادة تاهيل للشارع الرئيسي امام البنك اليمني للانشاء والتعمير بمركز المديرية, , , , , , , , , , ,,,,,,,,,,,,,,
91,إب,الربع الثاني من العام 1446هـ,  ,مشروع رصف طريق خوال جبل التويتي -السده, , , , , , , , , , ,,,,,,,,,,,,,,
92,إب,الربع الاول من العام 1446هـ,  ,مشروع توسعة ورصف طريق بيت الرميصة الضيعة, , , , , , , , , , ,,,,,,,,,,,,,,
93,إب, ,  ,مسح وتسوية وتوسعة ورصف طريق بيت الشامي وبيت عبدالكريم وبيت صالح مثنى-الاعماس - السدة, , , , , , , , , , ,,,,,,,,,,,,,,
94,إب, ,  ,طريق قرية ذي الحبشي, , , , , , , , , , ,,,,,,,,,,,,,,
95,إب, ,  ,رصف وبناء جدار ساند قرية رباط العصبات, , , , , , , , , , ,,,,,,,,,,,,,,
96,إب, ,  ,رصف طريق نقيل حباره -بني العثماني, , , , , , , , , , ,,,,,,,,,,,,,,
97,إب, ,  ,رصف طريق نقيل تمار -عزلة بني الحارث, , , , , , , , , , ,,,,,,,,,,,,,,
98,إب,الربع الاول من العام 1446هـ,  ,رصف طريق محي الدين  منزل غراب , , , , , , , , , , ,,,,,,,,,,,,,,
99,إب,الربع الثاني من العام 1446هـ,  ,رصف طريق قرية ذي محانظ, , , , , , , , , , ,,,,,,,,,,,,,,
100,إب, ,  ,رصف طريق قرية الصربي, , , , , , , , , , ,,,,,,,,,,,,,,
101,إب, ,  ,رصف طريق صلي والمرساب -عزلة بني الحارث, , , , , , , , , , ,,,,,,,,,,,,,,
102,إب,الربع الاول من العام 1446هـ,  ,رصف طريق شيعان, , , , , , , , , , ,,,,,,,,,,,,,,
103,إب, ,  ,رصف طريق سخران, , , , , , , , , , ,,,,,,,,,,,,,,
104,إب,الربع الاول من العام 1446هـ,  ,رصف طريق سخدان الحوقري , , , , , , , , , , ,,,,,,,,,,,,,,
105,إب,الربع الاول من العام 1446هـ,  ,رصف طريق ذي يهبور, , , , , , , , , , ,,,,,,,,,,,,,,
106,إب, ,  ,رصف طريق ذي الجرف - عزلة جبل الحبالي, , , , , , , , , , ,,,,,,,,,,,,,,
107,إب,الربع الاول من العام 1446هـ,  ,رصف طريق دارمان مرحلة اولى, , , , , , , , , , ,,,,,,,,,,,,,,
108,إب,الربع الاول من العام 1446هـ,  ,رصف طريق حفزان, , , , , , , , , , ,,,,,,,,,,,,,,
109,إب, ,  ,رصف طريق حجوان - الدلاني العليا والسفلى, , , , , , , , , , ,,,,,,,,,,,,,,
110,إب,الربع الاول من العام 1446هـ,  ,رصف طريق جردد كحلة مريم - ذي الدرم الرداعي الدمة, , , , , , , , , , ,,,,,,,,,,,,,,
111,إب, ,  ,رصف طريق ثعلان -عزلة بني الحارث, , , , , , , , , , ,,,,,,,,,,,,,,
112,إب, ,  ,رصف طريق بيت الغزيل - عزلة جبل الحبالي, , , , , , , , , , ,,,,,,,,,,,,,,
113,إب,الربع الاول من العام 1446هـ,  ,رصف طريق المنازل - جبل التويتي, , , , , , , , , , ,,,,,,,,,,,,,,
114,إب,الربع الاول من العام 1446هـ,  ,رصف طريق المان , , , , , , , , , , ,,,,,,,,,,,,,,
115,إب, ,  ,رصف طريق الفجرة - حجوان - عزلة بني الحارث, , , , , , , , , , ,,,,,,,,,,,,,,
116,إب, ,  ,رصف طريق الخربة - عزلة وادي الحبالي , , , , , , , , , , ,,,,,,,,,,,,,,
117,إب, ,  ,رصف  طريق عميقة -عزلة وادي حجاج, , , , , , , , , , ,,,,,,,,,,,,,,
118,إب, ,  ,رصف  طريق الجرجرة - عزلة وادي التويتي, , , , , , , , , , ,,,,,,,,,,,,,,
119,إب,الربع الثاني من العام 1446هـ,  ,توسعة ورصف طريق قرية يداخ, , , , , , , , , , ,,,,,,,,,,,,,,
120,إب,الربع الأول من العام 1446هـ,  ,توسعة ورصف طريق رباط جوهر, , , , , , , , , , ,,,,,,,,,,,,,,
121,إب,الربع الثاني من العام 1446هـ,  ,توسعة ورصف طريق المذابب, , , , , , , , , , ,,,,,,,,,,,,,,
122,إب, ,  ,استكمال رصف وجدارن ساندة طريق ثعلان التويتي, , , , , , , , , , ,,,,,,,,,,,,,,
123,إب,الربع الثاني من العام 1446هـ,  ,استكمال رصف طريق نقيل حباره بني العثماني , , , , , , , , , , ,,,,,,,,,,,,,,
124,إب,الربع الاول من العام 1446هـ,  ,استكمال رصف طريق قرية الدنوة, , , , , , , , , , ,,,,,,,,,,,,,,
125,إب, ,  ,استكمال رصف طريق قرية الجنح التويتي , , , , , , , , , , ,,,,,,,,,,,,,,
126,إب, ,  ,استكمال رصف طريق بيت الشامي-عزلة المرخام, , , , , , , , , , ,,,,,,,,,,,,,,
127,إب, ,  ,استكمال رصف طريق المصنعة -عزلة الزعلاء, , , , , , , , , , ,,,,,,,,,,,,,,
128,إب,الربع الاول من العام 1446هـ,  ,استكمال رصف طريق الريامي, , , , , , , , , , ,,,,,,,,,,,,,,
129,إب, ,  ,‫مسح وتوسعة ورصف طريق الكشاورة -عزلة الاعماس - السدة, , , , , , , , , , ,,,,,,,,,,,,,,
130,إب,الثالثة,  ,رصف طريق وادي التويتي الجنوبي, , , , , , , , , , ,,,,,,,,,,,,,,
131,إب,الربع الثاني من العام 1446هـ,  ,مسح وتوسعة ورصف طريق عدن الاشلوح الى وادي الصراح, , , , , , , , , , ,,,,,,,,,,,,,,
132,إب, ,  ,مسح وتوسعة ورصف طريق العبرة مشعره المصينعة الفجرة , , , , , , , , , , ,,,,,,,,,,,,,,
133,إب, ,  ,مسح وتوسعة ورصف طريق الدخلة عدن جواد حذذ, , , , , , , , , , ,,,,,,,,,,,,,,
134,إب, ,  ,مسح وتوسعة ورصف طريق اكاد, , , , , , , , , , ,,,,,,,,,,,,,,
135,إب,الربع الاول من العام 1446هـ,  ,مسح وتوسعة ورصف  طريق  خط ذراع مكابس الذنبة الخرابة, , , , , , , , , , ,,,,,,,,,,,,,,
136,إب, ,  ,مسح وتوسعة طريق هدفان العزبية (مرحلة اولى), , , , , , , , , , ,,,,,,,,,,,,,,
137,إب, ,  ,مسح وتوسعة طريق الحريري العموقين نجد السقى, , , , , , , , , , ,,,,,,,,,,,,,,
138,إب, ,  ,مسح وتوسعة خط الضرافة, , , , , , , , , , ,,,,,,,,,,,,,,
139,إب, ,  ,شق وتوسعه طريق الملوئة ضراس, , , , , , , , , , ,,,,,,,,,,,,,,
140,إب, ,  ,شق طريق رديع شعب القاضي , , , , , , , , , , ,,,,,,,,,,,,,,
141,إب,الربع الثاني من العام 1446هـ,  ,رصف عقبة طريق الصيرات - السياني, , , , , , , , , , ,,,,,,,,,,,,,,
142,إب,الربع الرابع من العام 1446هـ,  ,رصف طريق يعدش الذراع, , , , , , , , , , ,,,,,,,,,,,,,,
143,إب,الربع الرابع من العام 1446هـ,  ,رصف طريق نخلان, , , , , , , , , , ,,,,,,,,,,,,,,
144,إب, ,  ,رصف طريق مدرسة النجاد, , , , , , , , , , ,,,,,,,,,,,,,,
145,إب,الربع الرابع من العام 1446هـ,  ,رصف طريق مجرن, , , , , , , , , , ,,,,,,,,,,,,,,
146,إب,الربع الرابع من العام 1446هـ,  ,رصف طريق عشة الدامغ, , , , , , , , , , ,,,,,,,,,,,,,,
147,إب, ,  ,رصف طريق عشة, , , , , , , , , , ,,,,,,,,,,,,,,
148,إب,الربع الرابع من العام 1446هـ,  ,رصف طريق رديع عزلة هدفان, , , , , , , , , , ,,,,,,,,,,,,,,
149,إب,الربع الرابع من العام 1446هـ,  ,رصف طريق بيت الفقية, , , , , , , , , , ,,,,,,,,,,,,,,
150,إب,الربع الرابع من العام 1446هـ,  ,رصف طريق برعات, , , , , , , , , , ,,,,,,,,,,,,,,
151,إب,الربع الرابع من العام 1446هـ,  ,رصف طريق ايهار العليا, , , , , , , , , , ,,,,,,,,,,,,,,
152,إب,الربع الاول من العام 1446هـ,  ,رصف طريق المجعارة-العداري-الجوازع-فروع, , , , , , , , , , ,,,,,,,,,,,,,,
153,إب,الربع الرابع من العام 1446هـ,  ,رصف طريق الظفاوة الدمنة, , , , , , , , , , ,,,,,,,,,,,,,,
154,إب,الربع الرابع من العام 1446هـ,  ,رصف طريق الخورة, , , , , , , , , , ,,,,,,,,,,,,,,
155,إب,الربع الرابع من العام 1446هـ,  ,رصف طريق الحميراء وفروعها, , , , , , , , , , ,,,,,,,,,,,,,,
156,إب, ,  ,رصف الطريق الرابط بين الدائري ومركز المديرية, , , , , , , , , , ,,,,,,,,,,,,,,
157,إب, ,  ,تسوية ورصف طريق اللفج, , , , , , , , , , ,,,,,,,,,,,,,,
158,إب, ,  ,إستكمال رصف طريق جلب الخريب , , , , , , , , , , ,,,,,,,,,,,,,,
159,إب, ,  ,استكمال رصف طريق قرية منزل السادة, , , , , , , , , , ,,,,,,,,,,,,,,
160,إب, ,  ,استكمال رصف طريق عميد الداخل (مرحلة اولى), , , , , , , , , , ,,,,,,,,,,,,,,
161,إب, ,  ,استكمال رصف طريق ضراس, , , , , , , , , , ,,,,,,,,,,,,,,
162,إب, ,  ,استكمال رصف طريق ذي حرمات, , , , , , , , , , ,,,,,,,,,,,,,,
163,إب,الربع الاول من العام 1446هـ,  ,استكمال رصف طريق دار الجبل - السياني, , , , , , , , , , ,,,,,,,,,,,,,,
164,إب,الربع الاول من العام 1446هـ,  ,رصف طريق هدمان, , , , , , , , , , ,,,,,,,,,,,,,,
165,إب, ,  ,استكمال رصف طريق أشار, , , , , , , , , , ,,,,,,,,,,,,,,
166,إب, ,  ,طريق مسورة - العكد, , , , , , , , , , ,,,,,,,,,,,,,,
167,إب,الربع الثاني من العام 1446هـ,  ,رصف وتعبيد نقيل المنزل الظوهر, , , , , , , , , , ,,,,,,,,,,,,,,
168,إب, ,  ,رصف طريق محبران, , , , , , , , , , ,,,,,,,,,,,,,,
169,إب, ,  ,رصف طريق قرية نجد حوشب, , , , , , , , , , ,,,,,,,,,,,,,,
170,إب,الربع الثاني من العام 1446هـ,  ,رصف طريق قرية ذي مناحب, , , , , , , , , , ,,,,,,,,,,,,,,
171,إب,الربع الثاني من العام 1446هـ,  ,رصف طريق قرية التبنيت, , , , , , , , , , ,,,,,,,,,,,,,,
172,إب, ,  ,رصف طريق ذي حيض , , , , , , , , , , ,,,,,,,,,,,,,,
173,إب, ,  ,رصف طريق ذي النمر, , , , , , , , , , ,,,,,,,,,,,,,,
174,إب, ,  ,رصف طريق دار ذي بر, , , , , , , , , , ,,,,,,,,,,,,,,
175,إب, ,  ,رصف طريق المعلي, , , , , , , , , , ,,,,,,,,,,,,,,
176,إب,الربع الثاني من العام 1446هـ,  ,رصف طريق المحرور - ذي عجابة, , , , , , , , , , ,,,,,,,,,,,,,,
177,إب,الربع الثاني من العام 1446هـ,  ,رصف طريق السرقي - العمقي - الضيعة مرحلة أولى, , , , , , , , , , ,,,,,,,,,,,,,,
178,إب, ,  ,رصف طريق السرات, , , , , , , , , , ,,,,,,,,,,,,,,
179,إب, ,  ,رصف طريق الخرابة الصيرة, , , , , , , , , , ,,,,,,,,,,,,,,
180,إب,الربع الثاني من العام 1446هـ,  ,استكمال مشروع رصف الطريق الرابط بين الشعر والعود, , , , , , , , , , ,,,,,,,,,,,,,,
181,إب, ,  ,استكمال رصف طريق ممسئ الدخله( وبناء جسر), , , , , , , , , , ,,,,,,,,,,,,,,
182,إب, ,  ,استكمال رصف طريق ممسئ الخراف, , , , , , , , , , ,,,,,,,,,,,,,,
183,إب, ,  ,استكمال رصف طريق جبوب نهشل, , , , , , , , , , ,,,,,,,,,,,,,,
184,إب,الربع الثاني من العام 1446هـ,  ,استكمال رصف طريق الملحكي, , , , , , , , , , ,,,,,,,,,,,,,,
185,إب, ,  ,رصف نقيل المحربة, , , , , , , , , , ,,,,,,,,,,,,,,
186,إب, ,  ,رصف عقبة تحت بيت عبده حميد, , , , , , , , , , ,,,,,,,,,,,,,,
187,إب,الثانية,  ,رصف طريق باب النجد, , , , , , , , , , ,,,,,,,,,,,,,,
188,إب, ,  ,رصف عقبة المبروق, , , , , , , , , , ,,,,,,,,,,,,,,
189,إب, ,  ,رصف طريق نقيل الماجل , , , , , , , , , , ,,,,,,,,,,,,,,
190,إب, ,  ,رصف طريق نقيل العرش, , , , , , , , , , ,,,,,,,,,,,,,,
191,إب,الربع الثاني من العام 1446هـ,  ,رصف طريق نقيل الحلصة, , , , , , , , , , ,,,,,,,,,,,,,,
192,إب, ,  ,رصف طريق نقيل الجمال , , , , , , , , , , ,,,,,,,,,,,,,,
193,إب, ,  ,رصف طريق موكس الزرة, , , , , , , , , , ,,,,,,,,,,,,,,
194,إب,الربع الثاني من العام 1446هـ,  ,رصف طريق فرعان السهلة, , , , , , , , , , ,,,,,,,,,,,,,,
195,إب, ,  ,رصف طريق عمقيت, , , , , , , , , , ,,,,,,,,,,,,,,
196,إب,الربع الثاني من العام 1446هـ,  ,رصف طريق عقبة الغضيبة , , , , , , , , , , ,,,,,,,,,,,,,,
197,إب,الربع الثاني من العام 1446هـ,  ,رصف طريق العامرة, , , , , , , , , , ,,,,,,,,,,,,,,
198,إب,الربع الثاني من العام 1446هـ,  ,رصف طريق صنيد الظهر الشرقي, , , , , , , , , , ,,,,,,,,,,,,,,
199,إب,الربع الثاني من العام 1446هـ,  ,رصف طريق شضيف عردن, , , , , , , , , , ,,,,,,,,,,,,,,
200,إب,الربع الثاني من العام 1446هـ,  ,رصف طريق شبع, , , , , , , , , , ,,,,,,,,,,,,,,
201,إب,الربع الاول من العام 1446هـ,  ,رصف طريق سنعات العمارنة, , , , , , , , , , ,,,,,,,,,,,,,,
202,إب,الربع الثاني من العام 1446هـ,  ,رصف طريق ذي خساع, , , , , , , , , , ,,,,,,,,,,,,,,
203,إب,الربع الثاني من العام 1446هـ,  ,رصف طريق دار عمير, , , , , , , , , , ,,,,,,,,,,,,,,
204,إب,الربع الاول من العام 1446هـ,  ,رصف طريق المكادر مدرسة الفوز, , , , , , , , , , ,,,,,,,,,,,,,,
205,إب,الربع الثاني من العام 1446هـ,  ,رصف طريق المحلة الكريف الحصابيين, , , , , , , , , , ,,,,,,,,,,,,,,
206,إب,الربع الثاني من العام 1446هـ,  ,رصف طريق المحل مروة العليا, , , , , , , , , , ,,,,,,,,,,,,,,
207,إب,الربع الثاني من العام 1446هـ,  ,رصف طريق الكريف زهقان, , , , , , , , , , ,,,,,,,,,,,,,,
208,إب,الربع الثاني من العام 1446هـ,  ,رصف طريق الكراب العروم المقبرة, , , , , , , , , , ,,,,,,,,,,,,,,
209,إب,الربع الثاني من العام 1446هـ,  ,رصف طريق العنوة الشعايب, , , , , , , , , , ,,,,,,,,,,,,,,
210,إب, ,  ,رصف طريق العمارنة شلف, , , , , , , , , , ,,,,,,,,,,,,,,
211,إب,الربع الثاني من العام 1446هـ,  ,رصف طريق العدنة الذهب, , , , , , , , , , ,,,,,,,,,,,,,,
212,إب,الربع الثاني من العام 1446هـ,  ,رصف طريق السنافي , , , , , , , , , , ,,,,,,,,,,,,,,
213,إب, ,  ,رصف طريق الزرة العمارنة, , , , , , , , , , ,,,,,,,,,,,,,,
214,إب,الربع الثاني من العام 1446هـ,  ,رصف طريق الحرم والحوكلة, , , , , , , , , , ,,,,,,,,,,,,,,
215,إب, ,  ,رصف خرساني مسلح عقبة الاكمة, , , , , , , , , , ,,,,,,,,,,,,,,
216,إب, ,  ,رصف حجري وجدران ساندة لطريق العفيف العنيقبي, , , , , , , , , , ,,,,,,,,,,,,,,
217,إب, ,  ,اصلاح ورصف طريق الظهرة رماظة, , , , , , , , , , ,,,,,,,,,,,,,,
218,إب, ,  ,استكمال رصف نقيل السد, , , , , , , , , , ,,,,,,,,,,,,,,
219,إب,الثانية,  ,استكمال رصف طريق حواده, , , , , , , , , , ,,,,,,,,,,,,,,
220,إب,الثانية,  ,شق طريق العومرية الصلبة رأس قصع حليان, , , , , , , , , , ,,,,,,,,,,,,,,
221,إب, ,  ,مشروع  مسح وتوسعة ورصف طريق  (ذالحود -  جزاح) - عزلة بني مسلم    , , , , , , , , , , ,,,,,,,,,,,,,,
222,إب, ,  ,مسح وتوسعة وشق طريق بني مرغم, , , , , , , , , , ,,,,,,,,,,,,,,
223,إب, ,  ,مسح وتوسعة ورصف طريق بيت الاديب - المناحمة - القفر, , , , , , , , , , ,,,,,,,,,,,,,,
224,إب, ,  ,مسح وتوسعة طريق قرية ذي العيان , , , , , , , , , , ,,,,,,,,,,,,,,
225,إب, ,  ,مسح وتسوية وشق وتصريف مياة-طريق عوبل, , , , , , , , , , ,,,,,,,,,,,,,,
226,إب, ,  ,مسح وتسوية وشق وتصريف مياة-طريق شيعان-اليفاعي -العارضة, , , , , , , , , , ,,,,,,,,,,,,,,
227,إب, ,  ,مسح وتسوية ورصف طريق مذكران - الاصلاب -ذالحود - تالبة , , , , , , , , , , ,,,,,,,,,,,,,,
228,إب, ,  ,مسح وتسوية ورصف طريق مدحجين- بني جماعة -النخلة- جبل عدن, , , , , , , , , , ,,,,,,,,,,,,,,
229,إب, ,  ,مسح وتسوية ورصف طريق السبل, , , , , , , , , , ,,,,,,,,,,,,,,
230,إب, ,  ,شق وتوسعة ومسح ورصف طريق (مقرض - بيت السندي ), , , , , , , , , , ,,,,,,,,,,,,,,
231,إب, ,  ,شق وتوسعة ومسح طريقة مسحمة, , , , , , , , , , ,,,,,,,,,,,,,,
232,إب, ,  ,شق وتوسعة ومسح طريقة حمير , , , , , , , , , , ,,,,,,,,,,,,,,
233,إب, ,  ,شق وتوسعة ومسح طريقة الهباري , , , , , , , , , , ,,,,,,,,,,,,,,
234,إب, ,  ,شق وتوسعة طريق بيت الاديب - مصينعة - حوتا , , , , , , , , , , ,,,,,,,,,,,,,,
235,إب,الربع الثالث من العام 1446هـ,  ,شق وتوسعة طريق البرق مذحجين, , , , , , , , , , ,,,,,,,,,,,,,,
236,إب, ,  ,رصف طريقة جماش, , , , , , , , , , ,,,,,,,,,,,,,,
237,إب, ,  ,رصف طريقة البيني , , , , , , , , , , ,,,,,,,,,,,,,,
238,إب, ,  ,رصف طريق قريتي ( ذي حرمان_ذي شمر ), , , , , , , , , , ,,,,,,,,,,,,,,
239,إب, ,  ,رصف طريق قرية ( تالبة ), , , , , , , , , , ,,,,,,,,,,,,,,
240,إب, ,  ,رصف طريق قرية ( بيحان ), , , , , , , , , , ,,,,,,,,,,,,,,
241,إب, ,  ,رصف طريق الظهيرة منحم العدائف , , , , , , , , , , ,,,,,,,,,,,,,,
242,إب,الربع الثالث من العام 1446هـ,  ,رصف حجري لعقاب (الحديقي – المنجمة – الحمره – الدرسة – مقطرة), , , , , , , , , , ,,,,,,,,,,,,,,
243,إب,الربع الثالث من العام 1446هـ,  ,مسح وتوسعة وعمل جدران ساندة في طريق الهباري, , , , , , , , , , ,,,,,,,,,,,,,,
244,إب, ,  ,توسعة واستكمال رصف طريق قرية رادات, , , , , , , , , , ,,,,,,,,,,,,,,
245,إب, ,  ,استكمال رصف طريق (حيزان – ذي رقش – الشرف – الذرع – الركبة - الشعبة), , , , , , , , , , ,,,,,,,,,,,,,,
246,إب, ,  ,  مشروع مسح وتوسعة  وشق طريق المقهاية - المظل - سمنان - الكوفدة  , , , , , , , , , , ,,,,,,,,,,,,,,
247,إب, ,  ,مسح وتوسعة ورصف طريق نعب البراحة, , , , , , , , , , ,,,,,,,,,,,,,,
248,إب, ,  ,مسح وتوسعة ورصف طريق اللميسي والكريف, , , , , , , , , , ,,,,,,,,,,,,,,
249,إب, ,  ,مسح وتوسعة ورصف طريق العهاب - النباهي , , , , , , , , , , ,,,,,,,,,,,,,,
250,إب, ,  ,مسح وتوسعة ورصف طريق الطنبي - حذة  - عزلة الصفي, , , , , , , , , , ,,,,,,,,,,,,,,
251,إب, ,  ,مسح وتوسعة ورصف الرفد  - نبال  - عزلة الصفي, , , , , , , , , , ,,,,,,,,,,,,,,
252,إب, ,  ,مسح وتوسعة طريق المقرنة - ذلبهول - عزلة الصفي, , , , , , , , , , ,,,,,,,,,,,,,,
253,إب, ,  ,مسح وتوسعة طريق الرون - ذي ذين - عزلة الصفي, , , , , , , , , , ,,,,,,,,,,,,,,
254,إب,الربع الاول من العام 1446هـ,  ,شق وتوسعة ورصف حجري طريق الحرد والكناية المخادر, , , , , , , , , , ,,,,,,,,,,,,,,
255,إب,الربع الاول من العام 1446هـ,  ,رصف طريق هيوة, , , , , , , , , , ,,,,,,,,,,,,,,
256,إب,الربع الرابع من العام 1446هـ,  ,رصف طريق مارة, , , , , , , , , , ,,,,,,,,,,,,,,
257,إب,الربع الرابع من العام 1446هـ,  ,رصف طريق عفرفر الشرف, , , , , , , , , , ,,,,,,,,,,,,,,
258,إب,الربع الاول من العام 1446هـ,  ,رصف طريق طلعة الموطن - المالح, , , , , , , , , , ,,,,,,,,,,,,,,
259,إب,الربع الاول من العام 1446هـ,  ,رصف طريق دار الشرف, , , , , , , , , , ,,,,,,,,,,,,,,
260,إب,الربع الرابع من العام 1446هـ,  ,رصف طريق الحجرة, , , , , , , , , , ,,,,,,,,,,,,,,
261,إب,الربع الثاني من العام 1446هـ,  ,جدار ساند حجري لطريق النزهه, , , , , , , , , , ,,,,,,,,,,,,,,
262,إب,الربع الرابع من العام 1446هـ,  ,استكمال رصف طريق اللميسي والكريف, , , , , , , , , , ,,,,,,,,,,,,,,
263,إب,الربع الرابع من العام 1446هـ,  ,رصف طريق وادي هتان, , , , , , , , , , ,,,,,,,,,,,,,,
264,إب,الربع الرابع من العام 1446هـ,  ,رصف طريق عقبة الرجاد, , , , , , , , , , ,,,,,,,,,,,,,,
265,إب, ,  ,مشروع عبارة سائلة الجبيب, , , , , , , , , , ,,,,,,,,,,,,,,
266,إب,الربع الثالث من العام 1446هـ,  ,مسح وتوسعة ورصف طريق نقيل صالح - مرحلة ثانية, , , , , , , , , , ,,,,,,,,,,,,,,
267,إب,الربع الثالث من العام 1446هـ,  ,مسح وتوسعة ورصف طريق العر المرحلة الثانية , , , , , , , , , , ,,,,,,,,,,,,,,
268,إب, ,  ,مسح وتوسعة ورصف طريق ( الفجرة - العارضة), , , , , , , , , , ,,,,,,,,,,,,,,
269,إب, ,  ,مسح وتوسعة رصف طريق نقيل صالح, , , , , , , , , , ,,,,,,,,,,,,,,
270,إب, ,  ,مسح وتسوية ورصف طريق المنسامة شعب المريسي, , , , , , , , , , ,,,,,,,,,,,,,,
271,إب, ,  ,شق ومسح وتوسعة طريق ضوس -قمره -مشرعة -الشرنمة العليا, , , , , , , , , , ,,,,,,,,,,,,,,
272,إب, ,  ,رصف طريق نمران النوبة, , , , , , , , , , ,,,,,,,,,,,,,,
273,إب, ,  ,رصف طريق نقيل العوهل طريق عمار, , , , , , , , , , ,,,,,,,,,,,,,,
274,إب, ,  ,رصف طريق قرية المنجدة ذي الدرب, , , , , , , , , , ,,,,,,,,,,,,,,
275,إب, ,  ,رصف طريق غول علي مهدي و نقيل القوز, , , , , , , , , , ,,,,,,,,,,,,,,
276,إب, ,  ,رصف طريق عقبة ثعالب قرية المقاسمه بيت الوعيل, , , , , , , , , , ,,,,,,,,,,,,,,
277,إب, ,  ,رصف طريق عذان ذياح, , , , , , , , , , ,,,,,,,,,,,,,,
278,إب, ,  ,رصف طريق شعب المريسي, , , , , , , , , , ,,,,,,,,,,,,,,
279,إب,الربع الثالث من العام 1446هـ,  ,رصف طريق ذي عرمان, , , , , , , , , , ,,,,,,,,,,,,,,
280,إب, ,  ,رصف طريق تمور دادة, , , , , , , , , , ,,,,,,,,,,,,,,
281,إب, ,  ,رصف طريق بيت الجشوبي ظلم, , , , , , , , , , ,,,,,,,,,,,,,,
282,إب, ,  ,رصف طريق العر, , , , , , , , , , ,,,,,,,,,,,,,,
283,إب, ,  ,رصف طريق الجبيب حبان, , , , , , , , , , ,,,,,,,,,,,,,,
284,إب, ,  ,رصف طريق اكراي مفرق العود, , , , , , , , , , ,,,,,,,,,,,,,,
285,إب,الربع الثالث من العام 1446هـ,  ,رصف العقاب الوعرة بطريق القبلي - البديع - ظهرة البديع - ظهرة المشعب - نشمان, , , , , , , , , , ,,,,,,,,,,,,,,
286,إب, ,  ,توسعة ورصف طريق الشاهر وباب السد, , , , , , , , , , ,,,,,,,,,,,,,,
287,إب, ,  ,استكمال رصف الطريق الرابط بين الشعر والعود, , , , , , , , , , ,,,,,,,,,,,,,,
288,إب,الربع الثالث من العام 1446هـ,  , استكمال رصف طريق قرية المنجدة - ذي الدرب , , , , , , , , , , ,,,,,,,,,,,,,,
289,إب,الربع الثالث من العام 1446هـ,  ,توسعة ورصف طريق طنب الجبل العود - الشرنمة العليا, , , , , , , , , , ,,,,,,,,,,,,,,
290,إب,الربع الاول من العام 1446هـ,  ,اصلاح عبارة بالطريق الاسفلتي بقرية جرف النمر, , , , , , , , , , ,,,,,,,,,,,,,,
291,إب,الربع الاول من العام 1446هـ,  ,انشاء جسر فاطمة الزهراء للمشاه, , , , , , , , , , ,,,,,,,,,,,,,,
292,أيلول,الربع الاول من العام 1446هـ,  ,مسح وتوسعة ورصف طريق ( بيت القهمي - بيت الميسري - مونية ) المرحلة الاولى, , , , , , , , , , ,,,,,,,,,,,,,,
293,تشرين الأول,الربع الاول من العام 1446هـ,  ,انشاء جسر الحقلية, , , , , , , , , , ,,,,,,,,,,,,,,
294,إب, ,  ,مشروع جسر عدن اشعر الرابط بين مديرية بعدان ومديرية السبرة, , , , , , , , , , ,,,,,,,,,,,,,,
295,إب, ,  ,مسح ورصف طريق الصيرات, , , , , , , , , , ,,,,,,,,,,,,,,
296,إب, ,  ,رصف وتعبيد طريق الشعوب نادب, , , , , , , , , , ,,,,,,,,,,,,,,
297,إب, ,  ,رصف عقبة الحديدة - سوق الاحد, , , , , , , , , , ,,,,,,,,,,,,,,
298,إب,الربع الاول من العام 1446هـ,  ,رصف طريق ممسى العدن بني منصور, , , , , , , , , , ,,,,,,,,,,,,,,
299,إب,الربع الثاني من العام 1446هـ,  ,رصف طريق قرية مرار, , , , , , , , , , ,,,,,,,,,,,,,,
300,إب,الربع الثاني من العام 1446هـ,  ,رصف طريق قرية تهوف, , , , , , , , , , ,,,,,,,,,,,,,,
301,إب,الربع الثاني من العام 1446هـ,  ,رصف طريق قرية بيت حمادي, , , , , , , , , , ,,,,,,,,,,,,,,
302,إب,الربع الثاني من العام 1446هـ,  ,رصف طريق قرية المناوب, , , , , , , , , , ,,,,,,,,,,,,,,
303,إب,الربع الاول من العام 1446هـ,  ,رصف طريق قرية العماهي, , , , , , , , , , ,,,,,,,,,,,,,,
304,إب,الربع الثاني من العام 1446هـ,  ,رصف طريق قرية الجبائب, , , , , , , , , , ,,,,,,,,,,,,,,
305,إب, ,  ,رصف طريق طلعة قرية الخرابة, , , , , , , , , , ,,,,,,,,,,,,,,
306,إب,الثانية,  ,رصف طريق طلعة الظهرة - الحرث, , , , , , , , , , ,,,,,,,,,,,,,,
307,إب,الربع الثاني من العام 1446هـ,  ,رصف طريق رهوان العليا, , , , , , , , , , ,,,,,,,,,,,,,,
308,إب, ,  ,رصف طريق ذي الرخام, , , , , , , , , , ,,,,,,,,,,,,,,
309,إب, ,  ,رصف طريق دار القاضي - دار النمش, , , , , , , , , , ,,,,,,,,,,,,,,
310,إب,الربع الثاني من العام 1446هـ,  ,رصف طريق بيت القطيني , , , , , , , , , , ,,,,,,,,,,,,,,
311,إب, ,  ,رصف طريق بيت العابلي, , , , , , , , , , ,,,,,,,,,,,,,,
312,إب,الربع الثاني من العام 1446هـ,  ,رصف طريق المزور, , , , , , , , , , ,,,,,,,,,,,,,,
313,إب,الربع الثاني من العام 1446هـ,  ,رصف طريق العين دار الخزاعي المرحلة الثانية, , , , , , , , , , ,,,,,,,,,,,,,,
314,إب, ,  ,رصف طريق العين - دارالخزاعي, , , , , , , , , , ,,,,,,,,,,,,,,
315,إب,الربع الثاني من العام 1446هـ,  ,رصف طريق السراح , , , , , , , , , , ,,,,,,,,,,,,,,
316,إب,الربع الثاني من العام 1446هـ,  ,رصف خرساني مع الحمايه مركز سوق نجد العقماء, , , , , , , , , , ,,,,,,,,,,,,,,
317,إب, ,  ,رصف حجري وبناء عبارة لطريق الوادي , , , , , , , , , , ,,,,,,,,,,,,,,
318,إب,الربع الثاني من العام 1446هـ,  ,توسعة ورصف طريق تيثد , , , , , , , , , , ,,,,,,,,,,,,,,
319,إب, ,  ,توسعة ورصف خرساني طريق معزبة السناحي, , , , , , , , , , ,,,,,,,,,,,,,,
320,إب,الربع الثاني من العام 1446هـ,  ,استكمال رصف طريق مسوره - عصيمه - المنزل, , , , , , , , , , ,,,,,,,,,,,,,,
321,إب,الربع الثاني من العام 1446هـ,  ,رصف طريق ذي حيفان الجبجب, , , , , , , , , , ,,,,,,,,,,,,,,
322,إب, ,  ,استكمال رصف طريق عميق, , , , , , , , , , ,,,,,,,,,,,,,,
323,أيلول,الربع الثاني من العام 1446هـ,  ,مسح ورصف طريق(منزل جليميد-المقروض-عقرة), , , , , , , , , , ,,,,,,,,,,,,,,
324,تشرين الأول,الربع الثاني من العام 1446هـ,  ,مسح ورصف طريق (الرباط-القاع-الفجاجي), , , , , , , , , , ,,,,,,,,,,,,,,
325,إب, ,  ,رصف طريق الكدف - حجر كومرة, , , , , , , , , , ,,,,,,,,,,,,,,
326,إب,الربع الأول من العام 1446هـ,  ,رصف طريق الشرف الزواحل -ممسى رحب, , , , , , , , , , ,,,,,,,,,,,,,,
327,إب,الربع الأول من العام 1446هـ,  ,رصف طريق  الديم - ممسى رحب, , , , , , , , , , ,,,,,,,,,,,,,,
328,إب, ,  ,رصف طريق طلعة رون فحل, , , , , , , , , , ,,,,,,,,,,,,,,
329,إب, ,  ,رصف طريق شريان  , , , , , , , , , , ,,,,,,,,,,,,,,
330,إب, ,  ,رصف طريق المسيجي التالقة, , , , , , , , , , ,,,,,,,,,,,,,,
331,إب, ,  ,رصف طريق الكدف, , , , , , , , , , ,,,,,,,,,,,,,,
332,إب, ,  ,رصف طريق العكاز والعرمة, , , , , , , , , , ,,,,,,,,,,,,,,
333,إب, ,  ,رصف الطريق الرابط بين جبل رعوي والمربض العدين, , , , , , , , , , ,,,,,,,,,,,,,,
334,إب,الأولى,  ,استكمال رصف طريق عقبة المدحي عقبة الأسد, , , , , , , , , , ,,,,,,,,,,,,,,
335,إب,الربع الثاني من العام 1446هـ,  ,مسح وتوسعة وشق طريق انم, , , , , , , , , , ,,,,,,,,,,,,,,
336,إب, ,  ,صبيات خرسانية مسلحة بطريق السرايم شبان عزلة المكتب, , , , , , , , , , ,,,,,,,,,,,,,,
337,إب, ,  ,شق وتسوية ورصف حجري لطريق حليين ووقير عزلة جبل رعويين, , , , , , , , , , ,,,,,,,,,,,,,,
338,إب,الربع الثاني من العام 1446هـ,  ,رصف طريق جحب المنسامة, , , , , , , , , , ,,,,,,,,,,,,,,
339,إب,الثانية,  ,رصف طريق العدانة - أذان, , , , , , , , , , ,,,,,,,,,,,,,,
340,إب,الثانية,  ,رصف خرساني مسلح لطريق الفجرة الصلولة عزلة وراف, , , , , , , , , , ,,,,,,,,,,,,,,
341,إب,الربع الثاني من العام 1446هـ,  ,رصف خرساني للشارع العام منطقة الصال, , , , , , , , , , ,,,,,,,,,,,,,,
342,إب, ,  ,رصف خرساني طريق المنزاعة عزلة الاصابح, , , , , , , , , , ,,,,,,,,,,,,,,
343,إب,الربع الثاني من العام 1446هـ,  ,رصف خرساني طريق الصناع والمنازلة, , , , , , , , , , ,,,,,,,,,,,,,,
344,إب,الربع الثاني من العام 1446هـ,  ,رصف حجري وخرساني لمقاطع طريق المحفان الثوابي , , , , , , , , , , ,,,,,,,,,,,,,,
345,إب,الربع الثاني من العام 1446هـ,  ,رصف حجري وخرساني لطريق قرى مزياد المحجر التمرة الجبوبة, , , , , , , , , , ,,,,,,,,,,,,,,
346,إب,الربع الثاني من العام 1446هـ,  ,رصف حجري للمقاطع الوعرة لطريق القرامعة, , , , , , , , , , ,,,,,,,,,,,,,,
347,إب,الربع الثاني من العام 1446هـ,  ,رصف حجري لطلعة المجباية الوسطى والعليا, , , , , , , , , , ,,,,,,,,,,,,,,
348,إب,الربع الثاني من العام 1446هـ,  ,رصف حجري لطريق قرية الشمسية خط الربادي شبان, , , , , , , , , , ,,,,,,,,,,,,,,
349,إب,الربع الثاني من العام 1446هـ,  ,رصف حجري لطريق ذي عقيب عبار, , , , , , , , , , ,,,,,,,,,,,,,,
350,إب,الربع الاول من العام 1446هـ,  ,رصف حجري لطريق جرن العدن رحب, , , , , , , , , , ,,,,,,,,,,,,,,
351,إب,الثانية,  ,رصف حجري طريق قري خطرة والمردع عزلة المعشار, , , , , , , , , , ,,,,,,,,,,,,,,
352,إب,الربع الثاني من العام 1446هـ,  ,رصف حجري طريق سهمان النجد, , , , , , , , , , ,,,,,,,,,,,,,,
353,إب,الربع الاول من العام 1446هـ,  ,رصف حجري طريق المشجنة رحب, , , , , , , , , , ,,,,,,,,,,,,,,
354,إب, ,  ,توسعة وتسوية ورصف حجري للطريق الرابط بين عزلتي جبل رعويين وعزلة الشهلي, , , , , , , , , , ,,,,,,,,,,,,,,
355,إب, ,  ,تسوية ورصف عقبة طريق قرية المعشة عزلة انامر أعلا, , , , , , , , , , ,,,,,,,,,,,,,,
356,إب, ,  ,تسوية ورصف خرساني مسلح لعقبة المشاعبة عزلة المعشار, , , , , , , , , , ,,,,,,,,,,,,,,
357,إب, ,  ,تسوية ورصف خرساني مسلح لطريق قرية الجحاف ومقطع طريق نقيل الأحروف الربادي, , , , , , , , , , ,,,,,,,,,,,,,,
358,إب, ,  ,تسوية ورصف خرساني مسلح لطريق جبلة الاسلاف الزبية عدة مقاطع, , , , , , , , , , ,,,,,,,,,,,,,,
359,إب, ,  ,تسوية ورصف خرساني مسلح لطريق الخورات المصيار عزلة الثوابي, , , , , , , , , , ,,,,,,,,,,,,,,
360,إب, ,  ,تسوية ورصف خرساني مسلح طريق الوقش - جبلة, , , , , , , , , , ,,,,,,,,,,,,,,
361,إب, ,  ,تسوية ورصف حجري لطريق صرمة جبل رعوييين, , , , , , , , , , ,,,,,,,,,,,,,,
362,إب, ,  ,تسوية ورصف حجري لطريق جبل الماء في الخط الرئيسي لعزل الاصابح الشراعي الثوابي, , , , , , , , , , ,,,,,,,,,,,,,,
363,إب, ,  ,تسوية ورصف حجري لطريق السروة - عزلة الربادي, , , , , , , , , , ,,,,,,,,,,,,,,
364,إب,الثانية,  ,تسوية ورصف حجري طريق الرشاحي عزلة وراف, , , , , , , , , , ,,,,,,,,,,,,,,
365,إب,الربع الاول من العام 1446هـ,  ,رفع وتنظيف المخلفات في جسر المستشفئ القديم, , , , , , , , , , ,,,,,,,,,,,,,,
366,إب,الربع الاول من العام 1446هـ,  ,عبارة مجرى للسيول (جسر عبور السيارات) في منطقة المشاعبة ميتم, , , , , , , , , , ,,,,,,,,,,,,,,
367,إب,الربع الثاني من العام 1446هـ,  ,بناء جدران ساندة لطريق وجسر جامعة جبلة الجديد, , , , , , , , , , ,,,,,,,,,,,,,,
368,إب,الثانية,  ,استكمال رصف طريق وادي عبر وحجابة, , , , , , , , , , ,,,,,,,,,,,,,,
369,إب,الربع الثاني من العام 1446هـ,  ,استكمال رصف طريق مدرسة وادي عبر وترميم الجدران والارصفة, , , , , , , , , , ,,,,,,,,,,,,,,
370,إب, ,  ,استكمال توسعة ورصف طريق قرية المصيار المرحلة اولى, , , , , , , , , , ,,,,,,,,,,,,,,
371,إب, ,  ,مسح وتوسعة الخط الرئيسي الرابط بين قحزة والناحية, , , , , , , , , , ,,,,,,,,,,,,,,
372,إب,الربع الثاني من العام 1446هـ,  ,شق وتوسعة ورصف طريق (العضادي -ذي دومان ) , , , , , , , , , , ,,,,,,,,,,,,,,
373,إب,الربع الرابع من العام 1446هـ,  ,شق وتوسعة طريق الجراجر والحريقة, , , , , , , , , , ,,,,,,,,,,,,,,
374,إب,الربع الثاني من العام 1446هـ,  ,شق طريق المحواشة مرحلة اولى, , , , , , , , , , ,,,,,,,,,,,,,,
375,إب,الربع الثاني من العام 1446هـ,  ,شق  ورصف طريق (مروحة -  شرف بيت العيوي ) , , , , , , , , , , ,,,,,,,,,,,,,,
376,إب, ,  ,رصف وشق طريق انادب, , , , , , , , , , ,,,,,,,,,,,,,,
377,إب, ,  ,رصف وتسوية عقبة عسيق وساحين, , , , , , , , , , ,,,,,,,,,,,,,,
378,إب, ,  ,رصف وتسوية عقبة الجيهر الوطئة, , , , , , , , , , ,,,,,,,,,,,,,,
379,إب, ,  ,رصف وتسوية طريق عدن بني شبيب, , , , , , , , , , ,,,,,,,,,,,,,,
380,إب,الربع الثاني من العام 1446هـ,  ,رصف نقيل سيف بني شبيب , , , , , , , , , , ,,,,,,,,,,,,,,
381,إب,الربع الثاني من العام 1446هـ,  ,رصف طريق وادي السحي الناحية, , , , , , , , , , ,,,,,,,,,,,,,,
382,إب, ,  ,رصف طريق هجامه - الشعب, , , , , , , , , , ,,,,,,,,,,,,,,
383,إب, ,  ,رصف طريق نوعان, , , , , , , , , , ,,,,,,,,,,,,,,
384,إب,الربع الثالث من العام 1446هـ,  ,رصف طريق نقيل جبل الخضراء مروحة نقيل العقاب (مرحلة ثانية), , , , , , , , , , ,,,,,,,,,,,,,,
385,إب,الربع الثاني من العام 1446هـ,  ,رصف طريق نقيل العقاب, , , , , , , , , , ,,,,,,,,,,,,,,
386,إب, ,  ,رصف طريق نقيل الطاقة, , , , , , , , , , ,,,,,,,,,,,,,,
387,إب, ,  ,رصف طريق نجد المسيبح, , , , , , , , , , ,,,,,,,,,,,,,,
388,إب,الربع الثاني من العام 1446هـ,  ,رصف طريق منزل حنظل , , , , , , , , , , ,,,,,,,,,,,,,,
389,إب,الربع الرابع من العام 1446هـ,  ,رصف طريق مجحص ومقطارة, , , , , , , , , , ,,,,,,,,,,,,,,
390,إب, ,  ,رصف طريق عميقة -الذراع - النظاري, , , , , , , , , , ,,,,,,,,,,,,,,
391,إب, ,  ,رصف طريق عقبة فضاي, , , , , , , , , , ,,,,,,,,,,,,,,
392,إب,الربع الثاني من العام 1446هـ,  ,رصف طريق طلعة كوبع عزلة بني شبيب, , , , , , , , , , ,,,,,,,,,,,,,,
393,إب,الربع الرابع من العام 1446هـ,  ,رصف طريق طريق المعاقيب ملكان وادي المعقاب, , , , , , , , , , ,,,,,,,,,,,,,,
394,إب, ,  ,رصف طريق رأس الذائبة - الضبب, , , , , , , , , , ,,,,,,,,,,,,,,
395,إب, ,  ,رصف طريق حجفات الجيرة, , , , , , , , , , ,,,,,,,,,,,,,,
396,إب, ,  ,رصف طريق المكافسة, , , , , , , , , , ,,,,,,,,,,,,,,
397,إب, ,  ,رصف طريق المقداحة, , , , , , , , , , ,,,,,,,,,,,,,,
398,إب,الربع الرابع من العام 1446هـ,  ,رصف طريق المغاليق, , , , , , , , , , ,,,,,,,,,,,,,,
399,إب,الربع الثاني من العام 1446هـ,  ,رصف طريق المعشار بني شبيب, , , , , , , , , , ,,,,,,,,,,,,,,
400,إب,الربع الثاني من العام 1446هـ,  ,رصف طريق الكدف عزلة الناحية, , , , , , , , , , ,,,,,,,,,,,,,,
401,إب, ,  ,رصف طريق الضباري, , , , , , , , , , ,,,,,,,,,,,,,,
402,إب,الربع الثاني من العام 1446هـ,  ,رصف طريق الصين المعشار, , , , , , , , , , ,,,,,,,,,,,,,,
403,إب, ,  ,رصف طريق السلق, , , , , , , , , , ,,,,,,,,,,,,,,
404,إب, ,  ,رصف طريق الروسة, , , , , , , , , , ,,,,,,,,,,,,,,
405,إب, ,  ,رصف طريق الحمراء - المحدادة, , , , , , , , , , ,,,,,,,,,,,,,,
406,إب, ,  ,رصف طريق الحصات - بيت البتول, , , , , , , , , , ,,,,,,,,,,,,,,
407,إب,الربع الاول من العام 1446هـ,  ,رصف خرساني لسوق الربوع, , , , , , , , , , ,,,,,,,,,,,,,,
408,إب, ,  ,تسوية و رصف طريق المحوس التفادي, , , , , , , , , , ,,,,,,,,,,,,,,
409,إب, ,  ,تسوية رصف طريق نقيل الاريمه الجرف التفادي, , , , , , , , , , ,,,,,,,,,,,,,,
410,إب,الربع الثاني من العام 1446هـ,  ,استكمال رصف طريق السر, , , , , , , , , , ,,,,,,,,,,,,,,
411,إب,الربع الثاني من العام 1446هـ,  ,استكمال رصف طريق الرونة, , , , , , , , , , ,,,,,,,,,,,,,,
412,إب, ,  ,  رصف طريق نقيل جبل الخضراء - مروحة - نقيل العقاب (كمرحلة أولى), , , , , , , , , , ,,,,,,,,,,,,,,
413,إب,الربع الرابع من العام 1446هـ,  ,رصف طريق بين الاكام جبل الخضراء, , , , , , , , , , ,,,,,,,,,,,,,,
414,إب, ,  ,مشروع رصف نقيل موانيى العالي والسافل , , , , , , , , , , ,,,,,,,,,,,,,,
415,إب, ,  ,مشروع رصف حجري لطريق الجوز الذراع , , , , , , , , , , ,,,,,,,,,,,,,,
416,إب, ,  ,مشروع رصف الصلبة و ذي جيش و رصف طريق ذي النشمة الوادي شعب القضاض, , , , , , , , , , ,,,,,,,,,,,,,,
417,إب, ,  ,مسح طريق نقيل الركز-حليمة(مرحلة ثانية), , , , , , , , , , ,,,,,,,,,,,,,,
418,إب, ,  ,"مبادرة رصف طريق الدع 
(كمرحلة أولى لمعرفة مدى تفاعل المجتمع)", , , , , , , , , , ,,,,,,,,,,,,,,
419,إب, ,  ,مبادرة رصف حجري وجدارن ساندة لطريق النبيب المقابل, , , , , , , , , , ,,,,,,,,,,,,,,
420,إب, ,  ,مبادرة رصف حجري لطريق نجد العراقي الاخطوب الاجعوم, , , , , , , , , , ,,,,,,,,,,,,,,
421,إب, ,  ,مبادرة رصف حجري لطريق الحصن الوقعة , , , , , , , , , , ,,,,,,,,,,,,,,
422,إب, ,  ,مبادرة رصف حجري لطريق الجعم العالي, , , , , , , , , , ,,,,,,,,,,,,,,
423,إب, ,  ,مبادرة بناء جدارن ساندة لطريق دفئان الحوائر الجيرة الموسطة , , , , , , , , , , ,,,,,,,,,,,,,,
424,إب, ,  ,صيانة مقاطع الرصف  الحجري من  نجد الطنبة الى الحلو مع بناء جدران ساندة , , , , , , , , , , ,,,,,,,,,,,,,,
425,إب, ,  ,رصف وصيانه طريق مشرجة السلم, , , , , , , , , , ,,,,,,,,,,,,,,
426,إب,الربع الرابع من العام 1446هـ,  ,استكمال رصف عقبة فضاي, , , , , , , , , , ,,,,,,,,,,,,,,
427,إب,الربع الرابع من العام 1446هـ,  ,رصف وصيانة طريق وادي عظمان الضرائب, , , , , , , , , , ,,,,,,,,,,,,,,
428,إب, ,  ,"رصف وتأهيل طريق ساقة جبل بني اسعد
( كامرحلة  أولى لمعرفة مدى تفاعل المجتمع )", , , , , , , , , , ,,,,,,,,,,,,,,
429,إب, ,  ,"رصف وتأهيل طريق الزراعي النخيع
( كمرحلة  أولى لمعرفة مدى تفاعل المجتمع )", , , , , , , , , , ,,,,,,,,,,,,,,
430,إب, ,  ,رصف وتاهيل وتوسعة العقاب الوعرة لطريق الشاحة نجد الهتيرة, , , , , , , , , , ,,,,,,,,,,,,,,
431,إب,الربع الرابع من العام 1446هـ,  ,رصف وبناء جدران ساندة طريق الروينة, , , , , , , , , , ,,,,,,,,,,,,,,
432,إب, ,  ,رصف نقيل السويق, , , , , , , , , , ,,,,,,,,,,,,,,
433,إب, ,  ,رصف طريق وادي عظمان وحديد والرياسي, , , , , , , , , , ,,,,,,,,,,,,,,
434,إب, ,  ,رصف طريق نقيل قرية الظفير, , , , , , , , , , ,,,,,,,,,,,,,,
435,إب, ,  ,رصف طريق نقيل المتراس, , , , , , , , , , ,,,,,,,,,,,,,,
436,إب, ,  ,رصف طريق نجد الهتيرة المعالف - شعبة, , , , , , , , , , ,,,,,,,,,,,,,,
437,إب, ,  ,رصف طريق نجد الامير - السهلة, , , , , , , , , , ,,,,,,,,,,,,,,
438,إب, ,  ,رصف طريق قرية الوطئة, , , , , , , , , , ,,,,,,,,,,,,,,
439,إب, ,  ,رصف طريق عقبة الراحة جوار منتزه الحميري, , , , , , , , , , ,,,,,,,,,,,,,,
440,إب, ,  ,رصف طريق عزلة بني الفخر, , , , , , , , , , ,,,,,,,,,,,,,,
441,إب, ,  ,رصف طريق ظهرة المحدادة           , , , , , , , , , , ,,,,,,,,,,,,,,
442,إب, ,  ,رصف طريق شعب شرهان                       , , , , , , , , , , ,,,,,,,,,,,,,,
443,إب,الملحقة,  ,رصف طريق ذي سعدي القرية, , , , , , , , , , ,,,,,,,,,,,,,,
444,إب,الملحقة,  ,رصف طريق انيجدة, , , , , , , , , , ,,,,,,,,,,,,,,
445,إب, ,  ,رصف طريق النجد اوجنات, , , , , , , , , , ,,,,,,,,,,,,,,
446,إب,الربع الثاني من العام 1446هـ,  ,رصف طريق النبق السنم, , , , , , , , , , ,,,,,,,,,,,,,,
447,إب,الربع الرابع من العام 1446هـ,  ,رصف طريق المقاريض قهنات, , , , , , , , , , ,,,,,,,,,,,,,,
448,إب, ,  ,رصف طريق المصينعة, , , , , , , , , , ,,,,,,,,,,,,,,
449,إب, ,  ,رصف طريق اللعيلع مقربة الفيزان رحاضه السنقبة الزراعي( كمرحلة  أولى لمعرفة مدى تفاعل المجتمع ), , , , , , , , , , ,,,,,,,,,,,,,,
450,إب,الربع الرابع من العام 1446هـ,  ,رصف طريق القرية يخوض, , , , , , , , , , ,,,,,,,,,,,,,,
451,إب, ,  ,رصف طريق القتيب, , , , , , , , , , ,,,,,,,,,,,,,,
452,إب, ,  ,"رصف طريق الظفير الوحيدي المؤاهيل الضبة 
(كمرحلة أولى لمعرفة مدى تفاعل المجتمع)", , , , , , , , , , ,,,,,,,,,,,,,,
453,إب, ,  ,"رصف طريق الشعيب حليمة
( كامرحلة  أولى لمعرفة مدى تفاعل المجتمع )", , , , , , , , , , ,,,,,,,,,,,,,,
454,إب, ,  ,"رصف طريق الشرقي العكيش نقيل البدحة
( كمرحلة  أولى لمعرفة مدى تفاعل المجتمع )", , , , , , , , , , ,,,,,,,,,,,,,,
455,إب,الملحقة,  ,رصف طريق الحمراء السنم, , , , , , , , , , ,,,,,,,,,,,,,,
456,إب, ,  ,رصف طريق الاعدان منطقة قهنات, , , , , , , , , , ,,,,,,,,,,,,,,
457,إب, ,  ,رصف طريق ابنان مقربة, , , , , , , , , , ,,,,,,,,,,,,,,
458,إب, ,  ,رصف طريق االمهروم الحائط, , , , , , , , , , ,,,,,,,,,,,,,,
459,إب, ,  ,رصف طريق  المؤدية الى خزان خقين, , , , , , , , , , ,,,,,,,,,,,,,,
460,إب, ,  ,رصف سوق طريق نجد العدن, , , , , , , , , , ,,,,,,,,,,,,,,
461,إب, ,  ,رصف خرساني للشارعين من صلبة نيدان الى منطقة الشرف والى جانب جامع القرية, , , , , , , , , , ,,,,,,,,,,,,,,
462,إب,الربع الرابع من العام 1446هـ,  ,رصف خرساني طريق نباخ الكبه, , , , , , , , , , ,,,,,,,,,,,,,,
463,إب,الملحقة,  ,رصف خرساني طريق الظهرة الشرف, , , , , , , , , , ,,,,,,,,,,,,,,
464,إب,الربع الرابع من العام 1446هـ,  ,رصف خرساني اكمة حقين, , , , , , , , , , ,,,,,,,,,,,,,,
465,إب, ,  ,رصف حجري للعقاب الوعرة في منطقة اكام النبيب, , , , , , , , , , ,,,,,,,,,,,,,,
466,إب, ,  ,"رصف العقاب الوعرة وتوسعة طريق نقيل عنقب الضبة
 (كمرحلة أولى لمعرفة مدى تفاعل المجتمع)", , , , , , , , , , ,,,,,,,,,,,,,,
467,إب, ,  ,رصف العقاب الوعرة لطريق وادي جعفر يخوض وطريق يخوض اشرف المحالل ذي حجيب يخوض, , , , , , , , , , ,,,,,,,,,,,,,,
468,إب,الربع الرابع من العام 1446هـ,  ,رصف العقاب الوعرة لطريق الحلو, , , , , , , , , , ,,,,,,,,,,,,,,
469,إب, ,  ,رصف العقاب الوعرة في المناطيش, , , , , , , , , , ,,,,,,,,,,,,,,
470,إب, ,  ,رصف  طريق الجوز الدغبور الكشخة بني وائل حليمة, , , , , , , , , , ,,,,,,,,,,,,,,
471,إب, ,  ,"توسعة ورصف طريق الصلوة الزواقر الحطيم
 (كمرحلة أولى لمعرفة مدى تفاعل المجتمع)", , , , , , , , , , ,,,,,,,,,,,,,,
472,إب, ,  ,تأهيل ورصف طريق الكدادة الاجنة, , , , , , , , , , ,,,,,,,,,,,,,,
473,إب, ,  ,تأهيل ورصف  طريق العقبة الى الخزان الشعاور, , , , , , , , , , ,,,,,,,,,,,,,,
474,إب, ,  ,تاهيل ورصف طريق العر المالح, , , , , , , , , , ,,,,,,,,,,,,,,
475,إب, ,  ,اعادة تاهيل العبارات الانبوبية +بناء جدار ساند عوارض نيدان حقين, , , , , , , , , , ,,,,,,,,,,,,,,
476,إب, ,  ,استكمال رصف طريق نقيل عران الى وادي هنا(كمرحلة اوالى), , , , , , , , , , ,,,,,,,,,,,,,,
477,إب, ,  , رصف طريق نقيل الركز - حليمة , , , , , , , , , , ,,,,,,,,,,,,,,
478,إب, ,  , رصف طريق المعالف شعبة, , , , , , , , , , ,,,,,,,,,,,,,,
479,إب, ,  , رصف طريق الجعافرة راس النقيل , , , , , , , , , , ,,,,,,,,,,,,,,
480,إب, ,  , استكمال بناء وصيانة  جدار ساند منطقة الحجفة طريق بني وائل, , , , , , , , , , ,,,,,,,,,,,,,,
481,إب,الربع الرابع من العام 1446هـ,  ,رصف طريق نباخ القحز, , , , , , , , , , ,,,,,,,,,,,,,,
482,إب,الربع الرابع من العام 1446هـ,  ,رصف طريق الصون عتمات, , , , , , , , , , ,,,,,,,,,,,,,,
483,إب,الربع الرابع من العام 1446هـ,  ,انشاء المحجر الصحي البيطري لجمعية حزم العدين التعاونية, , , , , , , , , , ,,,,,,,,,,,,,,
484,إب,الربع الرابع من العام 1446هـ,  ,رصف طريق الحافة وادي موعة, , , , , , , , , , ,,,,,,,,,,,,,,
485,إب, ,  ,وسعة ورصف طريق الصفة الاصابح(مرحلة أولى), , , , , , , , , , ,,,,,,,,,,,,,,
486,إب, ,  ,مشروع استكمال رصف عقاب طریق صناعه , , , , , , , , , , ,,,,,,,,,,,,,,
487,إب, ,  ,مشروع استكمال رصف عقاب طریق الخریف (المرحلة الأولى), , , , , , , , , , ,,,,,,,,,,,,,,
488,إب, ,  ,مشروع استكمال رﺻف عقاب طرﯾﻖ الحضيرة اﻟزﺑور (مرحلة أولى), , , , , , , , , , ,,,,,,,,,,,,,,
489,إب, ,  ,مشروع استكمال رصف عقاب طريق ريد , , , , , , , , , , ,,,,,,,,,,,,,,
490,إب, ,  ,مسح وتوسعة ورصف لطريق وهرات الخط الدائري ابتداً من مدرسة الطموح وانتهاء الدائري الغربي (مرحلة أولى), , , , , , , , , , ,,,,,,,,,,,,,,
491,إب, ,  ,شق طريق القيد, , , , , , , , , , ,,,,,,,,,,,,,,
492,إب, ,  ,رصف وبناء جدران طريق جبل القطني, , , , , , , , , , ,,,,,,,,,,,,,,
493,إب, ,  ,رصف عقبة المزبار, , , , , , , , , , ,,,,,,,,,,,,,,
494,إب,الربع الرابع من العام 1446هـ,  ,استكمال بناء جدار ساند مدرسة الكفاح, , , , , , , , , , ,,,,,,,,,,,,,,
495,إب,الربع الثاني من العام 1446هـ,  ,رصف عقاب طريق ممسى حيبان , , , , , , , , , , ,,,,,,,,,,,,,,
496,إب,الربع الثاني من العام 1446هـ,  ,رصف عقاب طريق دار الهدة - الدخال, , , , , , , , , , ,,,,,,,,,,,,,,
497,إب,الربع الثاني من العام 1446هـ,  ,رصف عقاب طريق العدانة وادي ضبأ, , , , , , , , , , ,,,,,,,,,,,,,,
498,إب, ,  ,رصف طريق عقبتي تحت جامع العزل وتحت بيت احمد منصور, , , , , , , , , , ,,,,,,,,,,,,,,
499,إب, ,  ,رصف طريق عقبة تحت بيت احمد منصور, , , , , , , , , , ,,,,,,,,,,,,,,
500,إب, ,  ,رصف طريق عقاب مدية (مرحلة أولى), , , , , , , , , , ,,,,,,,,,,,,,,
501,إب, ,  ,رصف طريق عقاب قرية حمرة, , , , , , , , , , ,,,,,,,,,,,,,,
502,إب, ,  ,رصف طريق عقاب عزلة الوحص, , , , , , , , , , ,,,,,,,,,,,,,,
503,إب, ,  ,رصف طريق عقاب العارضة عرامة العسكر(مرحلة أولى), , , , , , , , , , ,,,,,,,,,,,,,,
504,إب, ,  ,رصف طريق عزلتي شقح الوحص (مرحلة أولى), , , , , , , , , , ,,,,,,,,,,,,,,
505,إب, ,  ,رصف طريق طانف وادي ضباء (مرحلة أولى), , , , , , , , , , ,,,,,,,,,,,,,,
506,إب, ,  ,رصف طريق ضبعان (المرحلة الاولى), , , , , , , , , , ,,,,,,,,,,,,,,
507,إب, ,  ,رصف طريق بيت المليكي, , , , , , , , , , ,,,,,,,,,,,,,,
508,إب, ,  ,رصف طريق بيت الجندي (مرحلة أولى), , , , , , , , , , ,,,,,,,,,,,,,,
509,إب, ,  ,رصف طريق العرمة العليا, , , , , , , , , , ,,,,,,,,,,,,,,
510,إب, ,  ,رصف طريق الصفة (مرحلة أولى), , , , , , , , , , ,,,,,,,,,,,,,,
511,إب, ,  ,رصف طريق الرويس, , , , , , , , , , ,,,,,,,,,,,,,,
512,إب, ,  ,رصف طريق الجشاعة, , , , , , , , , , ,,,,,,,,,,,,,,
513,إب, ,  ,رصف طريق الجرف, , , , , , , , , , ,,,,,,,,,,,,,,
514,إب, ,  ,رصف طريق  العسكر الجفيين, , , , , , , , , , ,,,,,,,,,,,,,,
515,إب, ,  ,رصف طريق  الظهر العقام بحرانة, , , , , , , , , , ,,,,,,,,,,,,,,
516,إب, ,  ,رصف خرساني شارع حارة المشروع (المرحلة الأولى), , , , , , , , , , ,,,,,,,,,,,,,,
517,إب, ,  ,رصف خرساني شارع المركزي (المرحلة الأولى), , , , , , , , , , ,,,,,,,,,,,,,,
518,إب, ,  ,رصف خرساني شارع الثلاثين الخط الطالع (المرحلة الأولى), , , , , , , , , , ,,,,,,,,,,,,,,
519,إب, ,  ,رصف حجري للفتحة المقابل لشارع الثلاثين المؤدية للشارع الخلفي الموازي ل الشارع العام, , , , , , , , , , ,,,,,,,,,,,,,,
520,إب, ,  ,رصف الطريق الرابط بين شوائط والعقيرة, , , , , , , , , , ,,,,,,,,,,,,,,
521,إب, ,  ,رصف الطريق الرابط بين الحبلة  والعنسيين (مرحلة أولى), , , , , , , , , , ,,,,,,,,,,,,,,
522,إب, ,  ,رصف الطريق الرابط بين الحبلة  والثومان, , , , , , , , , , ,,,,,,,,,,,,,,
523,إب, ,  ,رصف الطريق الرابط بين الثومان والعارضة (مرحلة أولى), , , , , , , , , , ,,,,,,,,,,,,,,
524,إب, ,  ,رصف الشاهد الجب, , , , , , , , , , ,,,,,,,,,,,,,,
525,إب, ,  ,رصف احجار لتصريف المياه وحماية الازفلت خط ذي السفال ابتداً من الشارع العام الى بداية شارع الثلاثين الترابي, , , , , , , , , , ,,,,,,,,,,,,,,
526,إب, ,  ,دراسة مشروع استكمال رصف عقاب طريق ممسي الوصر (مرحلة اولى), , , , , , , , , , ,,,,,,,,,,,,,,
527,إب, ,  ,جدران وعبارة بني عبدالله, , , , , , , , , , ,,,,,,,,,,,,,,
528,إب, ,  ,إستكمال جدران ورصف عقاب طريق فجرات (مرحلة أولى), , , , , , , , , , ,,,,,,,,,,,,,,
529,إب, ,  ,إستكمال جدران ورصف عقاب طريق بيت الاسد, , , , , , , , , , ,,,,,,,,,,,,,,
530,إب, ,  ,إستكمال جدران ورصف عقاب طريق الجيئات, , , , , , , , , , ,,,,,,,,,,,,,,
531,إب, ,  ,استكمال شق ورصف طريق ذي الحيكل بيت الجرادي احوال الراعي, , , , , , , , , , ,,,,,,,,,,,,,,
532,إب, ,  ,استكمال رصف عقاب طريق المضيئة (مرحلة أولى), , , , , , , , , , ,,,,,,,,,,,,,,
533,إب,الربع الثاني من العام 1446هـ,  ,رصف طريق سائلة النمر, , , , , , , , , , ,,,,,,,,,,,,,,
534,إب,الربع الرابع من العام 1446هـ,  ,رصف طريق قريضات العليا والسفلى , , , , , , , , , , ,,,,,,,,,,,,,,
535,إب,الربع الاول من العام 1446هـ,  ,رصف طريق عشاي بيت الجبل, , , , , , , , , , ,,,,,,,,,,,,,,
536,إب,الربع الاول من العام 1446هـ,  ,رصف طريق ريمان الحيفة, , , , , , , , , , ,,,,,,,,,,,,,,
537,إب,الربع الرابع من العام 1446هـ,  ,رصف طريق جبات, , , , , , , , , , ,,,,,,,,,,,,,,
538,إب,الربع الرابع من العام 1446هـ,  ,رصف طريق بيت السريحي, , , , , , , , , , ,,,,,,,,,,,,,,
539,إب,الربع الرابع من العام 1446هـ,  ,رصف طريق المحدادة, , , , , , , , , , ,,,,,,,,,,,,,,
540,إب,الربع الرابع من العام 1446هـ,  ,رصف طريق الضبرة, , , , , , , , , , ,,,,,,,,,,,,,,
541,إب,الربع الرابع من العام 1446هـ,  ,رصف طريق الحقلة, , , , , , , , , , ,,,,,,,,,,,,,,
542,إب,الربع الاول من العام 1446هـ,  ,رصف طريق الحجير القريتين, , , , , , , , , , ,,,,,,,,,,,,,,
543,إب,الربع الاول من العام 1446هـ,  ,رصف طريق الحجفة, , , , , , , , , , ,,,,,,,,,,,,,,
544,إب,الربع الرابع من العام 1446هـ,  ,رصف طريق الجحلة, , , , , , , , , , ,,,,,,,,,,,,,,
545,إب,الربع الرابع من العام 1446هـ,  ,رصف طريق السر, , , , , , , , , , ,,,,,,,,,,,,,,
546,إب, ,  ,رصف طريق ممسى اللواء الاخضر - عسيق خرائب - الدفانه - الصوافي - طنبه, , , , , , , , , , ,,,,,,,,,,,,,,
547,إب, ,  ,رصف طريق فراد السماري العكدة , , , , , , , , , , ,,,,,,,,,,,,,,
548,إب, ,  ,رصف طريق عقبة حصن خشافة عزلة ريمان (مرحلة اولى), , , , , , , , , , ,,,,,,,,,,,,,,
549,إب, ,  ,رصف طريق عزلة الموية, , , , , , , , , , ,,,,,,,,,,,,,,
550,إب, ,  ,رصف طريق جبل مشرقي, , , , , , , , , , ,,,,,,,,,,,,,,
551,إب, ,  ,رصف طريق الوادي, , , , , , , , , , ,,,,,,,,,,,,,,
552,إب, ,  ,رصف طريق المنائي _ المنزل, , , , , , , , , , ,,,,,,,,,,,,,,
553,إب, ,  ,رصف طريق المطامط - الحجاري - جبل برط - الاحضري - العدوف - عين, , , , , , , , , , ,,,,,,,,,,,,,,
554,إب, ,  ,رصف طريق المجمعة - المحجر, , , , , , , , , , ,,,,,,,,,,,,,,
555,إب, ,  ,رصف طريق المالح السايلة, , , , , , , , , , ,,,,,,,,,,,,,,
556,إب, ,  ,رصف طريق الكحافي, , , , , , , , , , ,,,,,,,,,,,,,,
557,إب, ,  ,رصف طريق العريش, , , , , , , , , , ,,,,,,,,,,,,,,
558,إب, ,  ,رصف طريق الشبر _ المحاشة _ الدخلة, , , , , , , , , , ,,,,,,,,,,,,,,
559,إب, ,  ,رصف طريق السهلة, , , , , , , , , , ,,,,,,,,,,,,,,
560,إب, ,  ,رصف طريق الزامه المناخ الخط الرئيسي _ وادي الذراع المشراق , , , , , , , , , , ,,,,,,,,,,,,,,
561,إب, ,  ,رصف طريق الاكمة محجر السيفي, , , , , , , , , , ,,,,,,,,,,,,,,
562,إب, ,  ,إستكمال رصف طريق بلد شار العلياء و السفلئ - المحاشة - نجد العلبة (المرحلة الاولى), , , , , , , , , , ,,,,,,,,,,,,,,
563,إب, ,  ,المجمعة - الضبرة - الرداد, , , , , , , , , , ,,,,,,,,,,,,,,
564,إب, ,  ,العدوف  - معرى عليان - الجميمه, , , , , , , , , , ,,,,,,,,,,,,,,
565,إب, ,  ,الخيراف - المبنى - الحرجه - الحجيل - المعين - الجبجبة, , , , , , , , , , ,,,,,,,,,,,,,,
566,إب, ,  ,استكمال رصف عزلة الروس + الضبر + نعمان, , , , , , , , , , ,,,,,,,,,,,,,,
567,إب, ,  ,استكمال رصف طريق مشورة - الحنامي, , , , , , , , , , ,,,,,,,,,,,,,,
568,إب, ,  ,استكمال رصف طريق صرعدد, , , , , , , , , , ,,,,,,,,,,,,,,
569,إب, ,  ,استكمال رصف طريق سواد, , , , , , , , , , ,,,,,,,,,,,,,,
570,إب, ,  ,استكمال رصف طريق حبر _ منزل الشعراني, , , , , , , , , , ,,,,,,,,,,,,,,
571,إب, ,  ,استكمال رصف طريق المسوح, , , , , , , , , , ,,,,,,,,,,,,,,
572,إب, ,  ,استكمال رصف طريق الظهار - نوابات - العوادي - الضرائمه - السرة, , , , , , , , , , ,,,,,,,,,,,,,,
573,إب, ,  ,استكمال رصف طريق الذنيبة _ معرية, , , , , , , , , , ,,,,,,,,,,,,,,
574,إب, ,  ,استكمال رصف طريق الجرابئ - ذي حماده - المحجر , , , , , , , , , , ,,,,,,,,,,,,,,
575,إب, ,  ,استكمال رصف طريق- احوال عقبه - المحل, , , , , , , , , , ,,,,,,,,,,,,,,
576,إب,الربع الرابع من العام 1446هـ,  ,رصف طريق المحشاية و عدن مدفن, , , , , , , , , , ,,,,,,,,,,,,,,
577,إب,الربع الرابع من العام 1446هـ,  ,رصف طريق شاكان المصنعة, , , , , , , , , , ,,,,,,,,,,,,,,
578,إب,الربع الرابع من العام 1446هـ,  ,رصف طريق الجحلة -الجبل, , , , , , , , , , ,,,,,,,,,,,,,,
579,أيلول,الربع الرابع من العام 1446هـ,  ,رصف طريق مشورة, , , , , , , , , , ,,,,,,,,,,,,,,
580,إب, ,  ,استكمال رصف طرق عزلة حرد , , , , , , , , , , ,,,,,,,,,,,,,,
581,إب,الملحقة,  ,رصف نقيل قشوبة, , , , , , , , , , ,,,,,,,,,,,,,,
582,إب, ,  ,رصف طلعة الهشامي, , , , , , , , , , ,,,,,,,,,,,,,,
583,إب,الملحقة,  ,رصف طلعة الشهيد بشار, , , , , , , , , , ,,,,,,,,,,,,,,
584,إب, ,  ,رصف طريق نقيل عسقي الأسفل, , , , , , , , , , ,,,,,,,,,,,,,,
585,إب, ,  ,رصف طريق نقيل شهاب, , , , , , , , , , ,,,,,,,,,,,,,,
586,إب, ,  ,رصف طريق نقيل خرشباة , , , , , , , , , , ,,,,,,,,,,,,,,
587,إب, ,  ,رصف طريق نقيل الكريف الحفر, , , , , , , , , , ,,,,,,,,,,,,,,
588,إب, ,  ,رصف طريق نقيل الكريبي , , , , , , , , , , ,,,,,,,,,,,,,,
589,إب, ,  ,رصف طريق نقيل الثلث, , , , , , , , , , ,,,,,,,,,,,,,,
590,إب, ,  ,رصف طريق مشيجبة , , , , , , , , , , ,,,,,,,,,,,,,,
591,إب, ,  ,رصف طريق قرية السهيلا, , , , , , , , , , ,,,,,,,,,,,,,,
592,إب,الملحقة,  ,رصف طريق علب التربة, , , , , , , , , , ,,,,,,,,,,,,,,
593,إب,الملحقة,  ,رصف طريق ظهرة حصابي, , , , , , , , , , ,,,,,,,,,,,,,,
594,إب, ,  ,رصف طريق طنوحة المقلاع, , , , , , , , , , ,,,,,,,,,,,,,,
595,إب, ,  ,رصف طريق طلعة قحفة عامر, , , , , , , , , , ,,,,,,,,,,,,,,
596,إب, ,  ,رصف طريق طلعة الهتار, , , , , , , , , , ,,,,,,,,,,,,,,
597,إب, ,  ,رصف طريق طلعة المقبرة الشعوب, , , , , , , , , , ,,,,,,,,,,,,,,
598,إب, ,  ,رصف طريق طلعة المشرافة قرية اسيمة, , , , , , , , , , ,,,,,,,,,,,,,,
599,إب,الملحقة,  ,رصف طريق طلعة المدهف, , , , , , , , , , ,,,,,,,,,,,,,,
600,إب,الملحقة,  ,رصف طريق شعب النقيل - البرادة, , , , , , , , , , ,,,,,,,,,,,,,,
601,إب, ,  ,رصف طريق رأس النجد والكريف, , , , , , , , , , ,,,,,,,,,,,,,,
602,إب, ,  ,رصف طريق دومان, , , , , , , , , , ,,,,,,,,,,,,,,
603,إب, ,  ,رصف طريق خليد, , , , , , , , , , ,,,,,,,,,,,,,,
604,إب, ,  ,رصف طريق حناهب الاحسون, , , , , , , , , , ,,,,,,,,,,,,,,
605,إب, ,  ,رصف طريق جبل رويعاء العلياء والسفلى والمقارة, , , , , , , , , , ,,,,,,,,,,,,,,
606,إب, ,  ,رصف طريق جباش العرمة, , , , , , , , , , ,,,,,,,,,,,,,,
607,إب, ,  ,رصف طريق الوعرة في قرية الشعب والمزحانة , , , , , , , , , , ,,,,,,,,,,,,,,
608,إب, ,  ,رصف طريق المقاديح, , , , , , , , , , ,,,,,,,,,,,,,,
609,إب, ,  ,رصف طريق المشهد, , , , , , , , , , ,,,,,,,,,,,,,,
610,إب,الملحقة,  ,رصف طريق المزحانة - القحفه, , , , , , , , , , ,,,,,,,,,,,,,,
611,إب, ,  ,رصف طريق المدد, , , , , , , , , , ,,,,,,,,,,,,,,
612,إب, ,  ,رصف طريق الكعدة الشعبين وادي بوكر, , , , , , , , , , ,,,,,,,,,,,,,,
613,إب,الملحقة,  ,رصف طريق الكعدة البيضاء - قمل, , , , , , , , , , ,,,,,,,,,,,,,,
614,إب, ,  ,رصف طريق الكدرة, , , , , , , , , , ,,,,,,,,,,,,,,
615,إب, ,  ,رصف طريق القطاع الكدر, , , , , , , , , , ,,,,,,,,,,,,,,
616,إب,الملحقة,  ,رصف طريق العوارض, , , , , , , , , , ,,,,,,,,,,,,,,
617,إب, ,  ,رصف طريق العقاقي, , , , , , , , , , ,,,,,,,,,,,,,,
618,إب, ,  ,رصف طريق العقابي, , , , , , , , , , ,,,,,,,,,,,,,,
619,إب,الملحقة,  ,رصف طريق العارضة, , , , , , , , , , ,,,,,,,,,,,,,,
620,إب, ,  ,رصف طريق الصريفة قرية الشهلي, , , , , , , , , , ,,,,,,,,,,,,,,
621,إب, ,  ,رصف طريق الصرفة الغربية قحفة عامر, , , , , , , , , , ,,,,,,,,,,,,,,
622,إب, ,  ,رصف طريق الشرقية, , , , , , , , , , ,,,,,,,,,,,,,,
623,إب,الملحقة,  ,رصف طريق السهلة - الجلة, , , , , , , , , , ,,,,,,,,,,,,,,
624,إب, ,  ,رصف طريق السنفة الحجفة الروية الدينا, , , , , , , , , , ,,,,,,,,,,,,,,
625,إب,الملحقة,  ,رصف طريق السكن الطبي, , , , , , , , , , ,,,,,,,,,,,,,,
626,إب,الملحقة,  ,رصف طريق الجرف الحوائل, , , , , , , , , , ,,,,,,,,,,,,,,
627,إب, ,  ,رصف طريق الاعقاص-المسيلة, , , , , , , , , , ,,,,,,,,,,,,,,
628,إب, ,  ,رصف طريق الاشراف الزرة, , , , , , , , , , ,,,,,,,,,,,,,,
629,إب, ,  ,رصف طريق اجياب السائلة شعب حمران, , , , , , , , , , ,,,,,,,,,,,,,,
630,إب, ,  ,رصف طريق  وادي بوكر أسفل مدرسة النور, , , , , , , , , , ,,,,,,,,,,,,,,
631,إب, ,  ,رصف طريق  الاشعاب - شعب حمران, , , , , , , , , , ,,,,,,,,,,,,,,
632,إب,الملحقة,  ,رصف خرساني طلعة المخلف وسط القرية, , , , , , , , , , ,,,,,,,,,,,,,,
633,إب, ,  ,رصف بعض المناطق لطريق القحاطن-مركز المديرية, , , , , , , , , , ,,,,,,,,,,,,,,
634,إب, ,  ,رصف الطرق الوعرة في قرية العرعرة, , , , , , , , , , ,,,,,,,,,,,,,,
635,إب,الملحقة,  ,جدار ساند بطلعة البير, , , , , , , , , , ,,,,,,,,,,,,,,
636,إب,الملحقة,  , صب سطح مواقف السيارات واستكمال رصف طريق الكشاح , , , , , , , , , , ,,,,,,,,,,,,,,
637,إب,الربع الثاني من العام 1446هـ,  ,رصف طريق طلعة دار القوز, , , , , , , , , , ,,,,,,,,,,,,,,
638,إب,الربع الثاني من العام 1446هـ,  ,رصف طريق طلعة مدرسة سبأ, , , , , , , , , , ,,,,,,,,,,,,,,
639,إب,الربع الثاني من العام 1446هـ,  ,رصف طريق الأحجار, , , , , , , , , , ,,,,,,,,,,,,,,
640,إب,الربع الثاني من العام 1446هـ,  ,رصف عقبة كبار, , , , , , , , , , ,,,,,,,,,,,,,,
641,إب,الربع الثاني من العام 1446هـ,  ,رصف عقبة المعقاب., , , , , , , , , , ,,,,,,,,,,,,,,
642,إب,الربع الثاني من العام 1446هـ,  ,رصف عقبة المحناشة المرحلة الاولى., , , , , , , , , , ,,,,,,,,,,,,,,
643,إب,الربع الثاني من العام 1446هـ,  ,رصف عقبة العرامة, , , , , , , , , , ,,,,,,,,,,,,,,
644,إب,الربع الثاني من العام 1446هـ,  ,رصف حجري لعقاب (مدرسة  علي سريع), , , , , , , , , , ,,,,,,,,,,,,,,
645,إب,الربع الثاني من العام 1446هـ,  ,رصف طريق دهران, , , , , , , , , , ,,,,,,,,,,,,,,
646,إب,الربع الثاني من العام 1446هـ,  ,رصف عقبة الحوجر, , , , , , , , , , ,,,,,,,,,,,,,,
647,إب,الربع الثاني من العام 1446هـ,  ,رصف طريق جبل السودان المرحلة الاولى, , , , , , , , , , ,,,,,,,,,,,,,,
648,إب,الربع الثاني من العام 1446هـ,  ,رصف طريق الساعة, , , , , , , , , , ,,,,,,,,,,,,,,
649,إب, ,  ,عمل صبيات واستكمال الخط بمدخل مركز المدينة, , , , , , , , , , ,,,,,,,,,,,,,,
650,إب, ,  ,رصف عقبة وادي عبان  اعلا , , , , , , , , , , ,,,,,,,,,,,,,,
651,إب, ,  ,رصف عقبة عمار بن ياسر , , , , , , , , , , ,,,,,,,,,,,,,,
652,إب,الربع الثاني من العام 1446هـ,  ,شق وتوسعة طريق ذي أيوب, , , , , , , , , , ,,,,,,,,,,,,,,
653,إب,الثانية,  ,رصف عقبة باب النجد مذيخرة , , , , , , , , , , ,,,,,,,,,,,,,,
654,إب, ,  ,رصف عقبة الجبال, , , , , , , , , , ,,,,,,,,,,,,,,
655,إب, ,  ,رصف عقب حلية, , , , , , , , , , ,,,,,,,,,,,,,,
656,إب, ,  ,رصف عقاب حبز, , , , , , , , , , ,,,,,,,,,,,,,,
657,إب, ,  ,رصف طريق نجد كشران, , , , , , , , , , ,,,,,,,,,,,,,,
658,إب, ,  ,رصف طريق دي ملكان الى روات, , , , , , , , , , ,,,,,,,,,,,,,,
659,إب, ,  ,رصف طريق حصبان, , , , , , , , , , ,,,,,,,,,,,,,,
660,إب, ,  ,رصف طريق بني حمدة, , , , , , , , , , ,,,,,,,,,,,,,,
661,إب, ,  ,رصف طريق باب العلجة - الاروان الشخص, , , , , , , , , , ,,,,,,,,,,,,,,
662,إب, ,  ,رصف طريق المسيجيد, , , , , , , , , , ,,,,,,,,,,,,,,
663,إب, ,  ,رصف طريق المزهر النحل, , , , , , , , , , ,,,,,,,,,,,,,,
664,إب, ,  ,رصف طريق المجارين النويرات, , , , , , , , , , ,,,,,,,,,,,,,,
665,إب, ,  ,رصف طريق العارضة العذري, , , , , , , , , , ,,,,,,,,,,,,,,
666,إب, ,  ,رصف طريق الشجيع, , , , , , , , , , ,,,,,,,,,,,,,,
667,إب, ,  ,رصف طريق الرباط المقدار, , , , , , , , , , ,,,,,,,,,,,,,,
668,إب, ,  ,رصف طريق الرباط, , , , , , , , , , ,,,,,,,,,,,,,,
669,إب, ,  ,رصف طريق الدهادة, , , , , , , , , , ,,,,,,,,,,,,,,
670,إب, ,  ,رصف طريق الخنشبة القراني عزلة الاشعوب , , , , , , , , , , ,,,,,,,,,,,,,,
671,إب, ,  ,رصف طريق الخميس النزيهة, , , , , , , , , , ,,,,,,,,,,,,,,
672,إب, ,  ,رصف طريق الاوجنة, , , , , , , , , , ,,,,,,,,,,,,,,
673,إب, ,  ,رصف طريق الاسناف, , , , , , , , , , ,,,,,,,,,,,,,,
674,إب, ,  ,رصف طريق الاحقاق الهجم, , , , , , , , , , ,,,,,,,,,,,,,,
675,إب, ,  ,استكمال شق فرع الخنشبة الشخص مع رصف وجدران ساندة , , , , , , , , , , ,,,,,,,,,,,,,,
676,إب, ,  ,استكمال رصف عقبة وتران, , , , , , , , , , ,,,,,,,,,,,,,,
677,إب, ,  ,استكمال رصف عقبة الهجين, , , , , , , , , , ,,,,,,,,,,,,,,
678,إب, ,  ,استكمال رصف طريق المحارير, , , , , , , , , , ,,,,,,,,,,,,,,
679,إب, ,  ,استكمال رصف طريق احوال البر - كومعة, , , , , , , , , , ,,,,,,,,,,,,,,
680,إب, ,  ,مسح وتوسعة ورصف طريق نايس, , , , , , , , , , ,,,,,,,,,,,,,,
681,إب, ,  ,مسح وتوسعة ورصف طريق قرية الحزة العليا, , , , , , , , , , ,,,,,,,,,,,,,,
682,إب, ,  ,مسح وتوسعة ورصف طريق الجباجبه-ارجب - بني الحارث - يريم, , , , , , , , , , ,,,,,,,,,,,,,,
683,إب, ,  ,مسح وتسوية ورصف طلعة القسم - الجبوبة, , , , , , , , , , ,,,,,,,,,,,,,,
684,إب, ,  ,مسح وتسوية ودك طريق شهصان والدخلة والدريعاء, , , , , , , , , , ,,,,,,,,,,,,,,
685,إب,الربع الثاني من العام 1446هـ,  ,شق وبناء عبارات طريق جربة البيت, , , , , , , , , , ,,,,,,,,,,,,,,
686,إب, ,  ,رصف وتصريف مياه طريق قرية المخرف, , , , , , , , , , ,,,,,,,,,,,,,,
687,إب, ,  ,رصف طريق لكمة الصوفي المحجر, , , , , , , , , , ,,,,,,,,,,,,,,
688,إب,الربع الثاني من العام 1446هـ,  ,رصف طريق قرية ماوه, , , , , , , , , , ,,,,,,,,,,,,,,
689,إب,الربع الثاني من العام 1446هـ,  ,رصف طريق قرية عضة, , , , , , , , , , ,,,,,,,,,,,,,,
690,إب,الربع الثاني من العام 1446هـ,  ,رصف طريق قرية ذي اهلول, , , , , , , , , , ,,,,,,,,,,,,,,
691,إب,الربع الثاني من العام 1446هـ,  ,رصف طريق قرية الجذوه, , , , , , , , , , ,,,,,,,,,,,,,,
692,إب, ,  ,رصف طريق رباط الشعري والجبوبة, , , , , , , , , , ,,,,,,,,,,,,,,
693,إب, ,  ,رصف طريق ذي الجدار عبوم , , , , , , , , , , ,,,,,,,,,,,,,,
694,إب, ,  ,رصف طريق دفان ذي يصرب, , , , , , , , , , ,,,,,,,,,,,,,,
695,إب,الربع الثاني من العام 1446هـ,  ,رصف طريق الفرجدي, , , , , , , , , , ,,,,,,,,,,,,,,
696,إب, ,  ,رصف طريق الرزاعي حجر ادهان, , , , , , , , , , ,,,,,,,,,,,,,,
697,إب, ,  ,رصف طريق الديارة القداري, , , , , , , , , , ,,,,,,,,,,,,,,
698,إب, ,  ,رصف طريق الحصن ذي خولان, , , , , , , , , , ,,,,,,,,,,,,,,
699,إب,الربع الثاني من العام 1446هـ,  ,رصف طريق الاعكاي العقبة السفلى, , , , , , , , , , ,,,,,,,,,,,,,,
700,إب,الربع الاول من العام 1446هـ,  ,رصف طريق  شنبان, , , , , , , , , , ,,,,,,,,,,,,,,
701,إب, ,  ,ردم وتسوية ورصف طريق المنزل, , , , , , , , , , ,,,,,,,,,,,,,,
702,إب,الربع الثاني من العام 1446هـ,  ,إستكمال رصف طريق القلة, , , , , , , , , , ,,,,,,,,,,,,,,
703,إب, ,  ,استكمال رصف طريق قرية عكدان  , , , , , , , , , , ,,,,,,,,,,,,,,
704,إب, ,  ,استكمال رصف طريق قرية الدرب, , , , , , , , , , ,,,,,,,,,,,,,,
705,إب, ,  ,استكمال رصف طريق طلعة الضبر, , , , , , , , , , ,,,,,,,,,,,,,,
706,إب,الربع الثاني من العام 1446هـ,  ,استكمال رصف طريق العزازي, , , , , , , , , , ,,,,,,,,,,,,,,
707,إب, ,  , مسح وتوسعة ورصف طريق لكمة الصوفي, , , , , , , , , , ,,,,,,,,,,,,,,
708,إب, ,  , مسح وتوسعة ورصف طريق ظفر , , , , , , , , , , ,,,,,,,,,,,,,,
709,إب, ,  , مسح وتوسعة ورصف طريق الساقمة القداري, , , , , , , , , , ,,,,,,,,,,,,,,
710,إب, ,  , مسح وتوسعة ورصف طريق الدشان الشماري, , , , , , , , , , ,,,,,,,,,,,,,,
711,إب, ,  , شق وتوسعة ورصف طريق قرية ذنبان, , , , , , , , , , ,,,,,,,,,,,,,,
712,إب, ,  , رصف عقبة الرزمة الحسور  , , , , , , , , , , ,,,,,,,,,,,,,,
713,إب, ,  , رصف طريق هرجاب ممسى سليام  , , , , , , , , , , ,,,,,,,,,,,,,,
714,إب, ,  , رصف طريق قرية خودان, , , , , , , , , , ,,,,,,,,,,,,,,
715,إب, ,  , رصف طريق بني مسعود, , , , , , , , , , ,,,,,,,,,,,,,,
716,إب, ,  , رصف طريق المنازل والعدوف, , , , , , , , , , ,,,,,,,,,,,,,,
717,إب, ,  , رصف طريق العارضة - الهجرة, , , , , , , , , , ,,,,,,,,,,,,,,
718,إب, ,  , رصف طريق الشكامي, , , , , , , , , , ,,,,,,,,,,,,,,
719,إب, ,  , رصف طريق الذراع نقيل بشر , , , , , , , , , , ,,,,,,,,,,,,,,
720,إب, ,  , رصف طريق الحدبي الرعادي, , , , , , , , , , ,,,,,,,,,,,,,,
721,إب, ,  ,مسح ورصف طريق الوبلي - المحيب, , , , , , , , , , ,,,#ERROR!,#REF!,#REF!,#REF!,#ERROR!,#REF!,#ERROR!,#ERROR!,,,,
722,إب, ,  ,رصف طريق نقيل التالقة الظهرة, , , , , , , , , , ,,,,,,,,,,,,,,
723,إب, ,  ,رصف طريق نجد بلس, , , , , , , , , , ,,,,,,,,,,,,,,
724,إب, ,  ,رصف طريق حطب, , , , , , , , , , ,,,,,,,,,,,,,,
725,إب, ,  ,رصف طريق جروة بيحان, , , , , , , , , , ,,,,,,,,,,,,,,
 الاجمــــــــــــــــــــــــــــــالي,,,,,0,0,0,0,0,0,0,0,0,0,,,,,,,,,,,,,,